savings_date,community_id,household_id,task_id,device_type,schedule_run_id,reporting_status,input_provenance_state,carbon_source,fallback_reason,carbon_source_label,price_source,price_source_label,source_observed_at,source_valid_from,source_valid_to,source_promises_full_day,schedule_adherence_observed,preferred_start_index,baseline_start_index,scheduled_start_index,duration_slots,baseline_cost_p,scheduled_cost_p,baseline_carbon_g,scheduled_carbon_g,baseline_peak_slot_count,scheduled_peak_slot_count,robustness_score,robustness_band
2026-06-24,C1,C1-H1,dishwasher,Dishwasher,seed-20260624-C1-H1,reportable,sample_input,,gb_sample_profile,Generated synthetic carbon profile,user_entered_tariff,Generated synthetic tariff,2026-06-24T00:00:00+00:00,2026-06-24T00:00:00+00:00,2026-06-25T00:00:00+00:00,True,False,40,40,44,4,15.92,12.36,191.0,148.3,0,0,0.68,Mixed
2026-06-24,C1,C1-H1,washing_machine,Washing machine,seed-20260624-C1-H1,reportable,sample_input,,gb_sample_profile,Generated synthetic carbon profile,user_entered_tariff,Generated synthetic tariff,2026-06-24T00:00:00+00:00,2026-06-24T00:00:00+00:00,2026-06-25T00:00:00+00:00,True,False,11,11,2,3,11.54,7.7,138.5,92.4,0,0,0.85,Strong
2026-06-24,C1,C1-H1,ev_charge,EV charge,seed-20260624-C1-H1,reportable,sample_input,,gb_sample_profile,Generated synthetic carbon profile,user_entered_tariff,Generated synthetic tariff,2026-06-24T00:00:00+00:00,2026-06-24T00:00:00+00:00,2026-06-25T00:00:00+00:00,True,False,0,0,1,6,60.91,60.91,730.9,730.9,0,0,0.85,Strong
2026-06-24,C1,C1-H1,tumble_dryer,Tumble dryer,seed-20260624-C1-H1,reportable,sample_input,,gb_sample_profile,Generated synthetic carbon profile,user_entered_tariff,Generated synthetic tariff,2026-06-24T00:00:00+00:00,2026-06-24T00:00:00+00:00,2026-06-25T00:00:00+00:00,True,False,35,35,43,3,36.25,22.52,435.0,270.3,3,0,0.689,Mixed
2026-06-24,C1,C1-H2,dishwasher,Dishwasher,seed-20260624-C1-H2,reportable,sample_input,,gb_sample_profile,Generated synthetic carbon profile,user_entered_tariff,Generated synthetic tariff,2026-06-24T00:00:00+00:00,2026-06-24T00:00:00+00:00,2026-06-25T00:00:00+00:00,True,False,40,40,44,4,22.77,18.19,273.2,218.3,0,0,0.68,Mixed
2026-06-24,C1,C1-H2,washing_machine,Washing machine,seed-20260624-C1-H2,reportable,sample_input,,gb_sample_profile,Generated synthetic carbon profile,user_entered_tariff,Generated synthetic tariff,2026-06-24T00:00:00+00:00,2026-06-24T00:00:00+00:00,2026-06-25T00:00:00+00:00,True,False,11,11,7,3,9.15,8.26,109.8,99.1,0,0,0.85,Strong
2026-06-24,C1,C1-H2,ev_charge,EV charge,seed-20260624-C1-H2,reportable,sample_input,,gb_sample_profile,Generated synthetic carbon profile,user_entered_tariff,Generated synthetic tariff,2026-06-24T00:00:00+00:00,2026-06-24T00:00:00+00:00,2026-06-25T00:00:00+00:00,True,False,0,0,5,6,77.88,65.34,934.5,784.0,0,0,0.85,Strong
2026-06-24,C1,C1-H2,tumble_dryer,Tumble dryer,seed-20260624-C1-H2,reportable,sample_input,,gb_sample_profile,Generated synthetic carbon profile,user_entered_tariff,Generated synthetic tariff,2026-06-24T00:00:00+00:00,2026-06-24T00:00:00+00:00,2026-06-25T00:00:00+00:00,True,False,35,35,43,3,53.81,33.2,645.7,398.4,3,0,0.689,Mixed
2026-06-24,C2,C2-H1,dishwasher,Dishwasher,seed-20260624-C2-H1,reportable,sample_input,,gb_sample_profile,Generated synthetic carbon profile,user_entered_tariff,Generated synthetic tariff,2026-06-24T00:00:00+00:00,2026-06-24T00:00:00+00:00,2026-06-25T00:00:00+00:00,True,False,40,40,44,4,23.77,18.75,285.3,224.9,0,0,0.68,Mixed
2026-06-24,C2,C2-H1,washing_machine,Washing machine,seed-20260624-C2-H1,reportable,sample_input,,gb_sample_profile,Generated synthetic carbon profile,user_entered_tariff,Generated synthetic tariff,2026-06-24T00:00:00+00:00,2026-06-24T00:00:00+00:00,2026-06-25T00:00:00+00:00,True,False,11,11,6,3,10.58,9.07,127.0,108.8,0,0,0.85,Strong
2026-06-24,C2,C2-H1,ev_charge,EV charge,seed-20260624-C2-H1,reportable,sample_input,,gb_sample_profile,Generated synthetic carbon profile,user_entered_tariff,Generated synthetic tariff,2026-06-24T00:00:00+00:00,2026-06-24T00:00:00+00:00,2026-06-25T00:00:00+00:00,True,False,0,0,4,6,81.06,71.74,972.7,860.9,0,0,0.85,Strong
2026-06-24,C2,C2-H1,tumble_dryer,Tumble dryer,seed-20260624-C2-H1,reportable,sample_input,,gb_sample_profile,Generated synthetic carbon profile,user_entered_tariff,Generated synthetic tariff,2026-06-24T00:00:00+00:00,2026-06-24T00:00:00+00:00,2026-06-25T00:00:00+00:00,True,False,35,35,43,3,62.15,34.33,745.8,412.0,3,0,0.689,Mixed
2026-06-24,C2,C2-H2,dishwasher,Dishwasher,seed-20260624-C2-H2,reportable,sample_input,,gb_sample_profile,Generated synthetic carbon profile,user_entered_tariff,Generated synthetic tariff,2026-06-24T00:00:00+00:00,2026-06-24T00:00:00+00:00,2026-06-25T00:00:00+00:00,True,False,40,40,44,4,21.75,17.15,261.0,205.8,0,0,0.68,Mixed
2026-06-24,C2,C2-H2,washing_machine,Washing machine,seed-20260624-C2-H2,reportable,sample_input,,gb_sample_profile,Generated synthetic carbon profile,user_entered_tariff,Generated synthetic tariff,2026-06-24T00:00:00+00:00,2026-06-24T00:00:00+00:00,2026-06-25T00:00:00+00:00,True,False,11,11,6,3,9.68,8.3,116.2,99.5,0,0,0.85,Strong
2026-06-24,C2,C2-H2,ev_charge,EV charge,seed-20260624-C2-H2,reportable,sample_input,,gb_sample_profile,Generated synthetic carbon profile,user_entered_tariff,Generated synthetic tariff,2026-06-24T00:00:00+00:00,2026-06-24T00:00:00+00:00,2026-06-25T00:00:00+00:00,True,False,0,0,5,6,74.16,65.64,889.9,787.6,0,0,0.85,Strong
2026-06-24,C2,C2-H2,tumble_dryer,Tumble dryer,seed-20260624-C2-H2,reportable,sample_input,,gb_sample_profile,Generated synthetic carbon profile,user_entered_tariff,Generated synthetic tariff,2026-06-24T00:00:00+00:00,2026-06-24T00:00:00+00:00,2026-06-25T00:00:00+00:00,True,False,35,35,43,3,56.86,31.41,682.4,376.9,3,0,0.689,Mixed
2026-06-25,C1,C1-H1,dishwasher,Dishwasher,seed-20260625-C1-H1,reportable,sample_input,,gb_sample_profile,Generated synthetic carbon profile,user_entered_tariff,Generated synthetic tariff,2026-06-25T00:00:00+00:00,2026-06-25T00:00:00+00:00,2026-06-26T00:00:00+00:00,True,False,40,40,44,4,25.0,19.98,300.0,239.7,0,0,0.68,Mixed
2026-06-25,C1,C1-H1,washing_machine,Washing machine,seed-20260625-C1-H1,reportable,sample_input,,gb_sample_profile,Generated synthetic carbon profile,user_entered_tariff,Generated synthetic tariff,2026-06-25T00:00:00+00:00,2026-06-25T00:00:00+00:00,2026-06-26T00:00:00+00:00,True,False,11,11,7,3,10.05,9.07,120.6,108.8,0,0,0.85,Strong
2026-06-25,C1,C1-H1,ev_charge,EV charge,seed-20260625-C1-H1,reportable,sample_input,,gb_sample_profile,Generated synthetic carbon profile,user_entered_tariff,Generated synthetic tariff,2026-06-25T00:00:00+00:00,2026-06-25T00:00:00+00:00,2026-06-26T00:00:00+00:00,True,False,0,0,5,6,85.51,71.74,1026.1,860.9,0,0,0.85,Strong
2026-06-25,C1,C1-H1,tumble_dryer,Tumble dryer,seed-20260625-C1-H1,reportable,sample_input,,gb_sample_profile,Generated synthetic carbon profile,user_entered_tariff,Generated synthetic tariff,2026-06-25T00:00:00+00:00,2026-06-25T00:00:00+00:00,2026-06-26T00:00:00+00:00,True,False,35,35,43,3,59.08,36.46,709.0,437.5,3,0,0.689,Mixed
2026-06-25,C1,C1-H2,dishwasher,Dishwasher,seed-20260625-C1-H2,reportable,sample_input,,gb_sample_profile,Generated synthetic carbon profile,user_entered_tariff,Generated synthetic tariff,2026-06-25T00:00:00+00:00,2026-06-25T00:00:00+00:00,2026-06-26T00:00:00+00:00,True,False,40,40,44,4,28.68,21.68,344.2,260.2,0,0,0.68,Mixed
2026-06-25,C1,C1-H2,washing_machine,Washing machine,seed-20260625-C1-H2,reportable,sample_input,,gb_sample_profile,Generated synthetic carbon profile,user_entered_tariff,Generated synthetic tariff,2026-06-25T00:00:00+00:00,2026-06-25T00:00:00+00:00,2026-06-26T00:00:00+00:00,True,False,11,11,8,3,9.83,9.26,117.9,111.1,0,0,0.85,Strong
2026-06-25,C1,C1-H2,ev_charge,EV charge,seed-20260625-C1-H2,reportable,sample_input,,gb_sample_profile,Generated synthetic carbon profile,user_entered_tariff,Generated synthetic tariff,2026-06-25T00:00:00+00:00,2026-06-25T00:00:00+00:00,2026-06-26T00:00:00+00:00,True,False,0,0,6,6,92.58,73.24,1111.0,878.9,0,0,0.85,Strong
2026-06-25,C1,C1-H2,tumble_dryer,Tumble dryer,seed-20260625-C1-H2,reportable,sample_input,,gb_sample_profile,Generated synthetic carbon profile,user_entered_tariff,Generated synthetic tariff,2026-06-25T00:00:00+00:00,2026-06-25T00:00:00+00:00,2026-06-26T00:00:00+00:00,True,False,35,35,43,3,56.94,39.39,683.2,472.7,3,0,0.689,Mixed
2026-06-25,C2,C2-H1,dishwasher,Dishwasher,seed-20260625-C2-H1,reportable,sample_input,,gb_sample_profile,Generated synthetic carbon profile,user_entered_tariff,Generated synthetic tariff,2026-06-25T00:00:00+00:00,2026-06-25T00:00:00+00:00,2026-06-26T00:00:00+00:00,True,False,40,40,44,4,25.91,20.71,311.0,248.5,0,0,0.68,Mixed
2026-06-25,C2,C2-H1,washing_machine,Washing machine,seed-20260625-C2-H1,reportable,sample_input,,gb_sample_profile,Generated synthetic carbon profile,user_entered_tariff,Generated synthetic tariff,2026-06-25T00:00:00+00:00,2026-06-25T00:00:00+00:00,2026-06-26T00:00:00+00:00,True,False,11,11,7,3,10.42,9.4,125.0,112.8,0,0,0.85,Strong
2026-06-25,C2,C2-H1,ev_charge,EV charge,seed-20260625-C2-H1,reportable,sample_input,,gb_sample_profile,Generated synthetic carbon profile,user_entered_tariff,Generated synthetic tariff,2026-06-25T00:00:00+00:00,2026-06-25T00:00:00+00:00,2026-06-26T00:00:00+00:00,True,False,0,0,5,6,88.63,74.36,1063.6,892.3,0,0,0.85,Strong
2026-06-25,C2,C2-H1,tumble_dryer,Tumble dryer,seed-20260625-C2-H1,reportable,sample_input,,gb_sample_profile,Generated synthetic carbon profile,user_entered_tariff,Generated synthetic tariff,2026-06-25T00:00:00+00:00,2026-06-25T00:00:00+00:00,2026-06-26T00:00:00+00:00,True,False,35,35,43,3,61.24,37.79,734.9,453.4,3,0,0.689,Mixed
2026-06-25,C2,C2-H2,dishwasher,Dishwasher,seed-20260625-C2-H2,reportable,sample_input,,gb_sample_profile,Generated synthetic carbon profile,user_entered_tariff,Generated synthetic tariff,2026-06-25T00:00:00+00:00,2026-06-25T00:00:00+00:00,2026-06-26T00:00:00+00:00,True,False,40,40,44,4,24.62,19.41,295.4,233.0,0,0,0.68,Mixed
2026-06-25,C2,C2-H2,washing_machine,Washing machine,seed-20260625-C2-H2,reportable,sample_input,,gb_sample_profile,Generated synthetic carbon profile,user_entered_tariff,Generated synthetic tariff,2026-06-25T00:00:00+00:00,2026-06-25T00:00:00+00:00,2026-06-26T00:00:00+00:00,True,False,11,11,6,3,10.96,9.39,131.5,112.7,0,0,0.85,Strong
2026-06-25,C2,C2-H2,ev_charge,EV charge,seed-20260625-C2-H2,reportable,sample_input,,gb_sample_profile,Generated synthetic carbon profile,user_entered_tariff,Generated synthetic tariff,2026-06-25T00:00:00+00:00,2026-06-25T00:00:00+00:00,2026-06-26T00:00:00+00:00,True,False,0,0,4,6,83.95,74.3,1007.4,891.6,0,0,0.85,Strong
2026-06-25,C2,C2-H2,tumble_dryer,Tumble dryer,seed-20260625-C2-H2,reportable,sample_input,,gb_sample_profile,Generated synthetic carbon profile,user_entered_tariff,Generated synthetic tariff,2026-06-25T00:00:00+00:00,2026-06-25T00:00:00+00:00,2026-06-26T00:00:00+00:00,True,False,35,35,43,3,64.37,35.56,772.4,426.7,3,0,0.689,Mixed
2026-06-26,C1,C1-H1,dishwasher,Dishwasher,seed-20260626-C1-H1,reportable,sample_input,,gb_sample_profile,Generated synthetic carbon profile,user_entered_tariff,Generated synthetic tariff,2026-06-26T00:00:00+00:00,2026-06-26T00:00:00+00:00,2026-06-27T00:00:00+00:00,True,False,40,40,44,4,18.14,14.06,217.7,168.8,0,0,0.68,Mixed
2026-06-26,C1,C1-H1,washing_machine,Washing machine,seed-20260626-C1-H1,reportable,sample_input,,gb_sample_profile,Generated synthetic carbon profile,user_entered_tariff,Generated synthetic tariff,2026-06-26T00:00:00+00:00,2026-06-26T00:00:00+00:00,2026-06-27T00:00:00+00:00,True,False,11,11,4,3,10.2,7.74,122.4,92.9,0,0,0.85,Strong
2026-06-26,C1,C1-H1,ev_charge,EV charge,seed-20260626-C1-H1,reportable,sample_input,,gb_sample_profile,Generated synthetic carbon profile,user_entered_tariff,Generated synthetic tariff,2026-06-26T00:00:00+00:00,2026-06-26T00:00:00+00:00,2026-06-27T00:00:00+00:00,True,False,0,0,2,6,63.71,61.27,764.5,735.3,0,0,0.85,Strong
2026-06-26,C1,C1-H1,tumble_dryer,Tumble dryer,seed-20260626-C1-H1,reportable,sample_input,,gb_sample_profile,Generated synthetic carbon profile,user_entered_tariff,Generated synthetic tariff,2026-06-26T00:00:00+00:00,2026-06-26T00:00:00+00:00,2026-06-27T00:00:00+00:00,True,False,35,35,43,3,46.88,25.81,562.6,309.7,3,0,0.689,Mixed
2026-06-26,C1,C1-H2,dishwasher,Dishwasher,seed-20260626-C1-H2,reportable,sample_input,,gb_sample_profile,Generated synthetic carbon profile,user_entered_tariff,Generated synthetic tariff,2026-06-26T00:00:00+00:00,2026-06-26T00:00:00+00:00,2026-06-27T00:00:00+00:00,True,False,40,40,44,4,19.37,15.12,232.4,181.4,0,0,0.68,Mixed
2026-06-26,C1,C1-H2,washing_machine,Washing machine,seed-20260626-C1-H2,reportable,sample_input,,gb_sample_profile,Generated synthetic carbon profile,user_entered_tariff,Generated synthetic tariff,2026-06-26T00:00:00+00:00,2026-06-26T00:00:00+00:00,2026-06-27T00:00:00+00:00,True,False,11,11,5,3,9.65,7.8,115.8,93.6,0,0,0.85,Strong
2026-06-26,C1,C1-H2,ev_charge,EV charge,seed-20260626-C1-H2,reportable,sample_input,,gb_sample_profile,Generated synthetic carbon profile,user_entered_tariff,Generated synthetic tariff,2026-06-26T00:00:00+00:00,2026-06-26T00:00:00+00:00,2026-06-27T00:00:00+00:00,True,False,0,0,4,6,66.6,61.73,799.2,740.8,0,0,0.85,Strong
2026-06-26,C1,C1-H2,tumble_dryer,Tumble dryer,seed-20260626-C1-H2,reportable,sample_input,,gb_sample_profile,Generated synthetic carbon profile,user_entered_tariff,Generated synthetic tariff,2026-06-26T00:00:00+00:00,2026-06-26T00:00:00+00:00,2026-06-27T00:00:00+00:00,True,False,35,35,43,3,52.27,27.74,627.2,332.9,3,0,0.689,Mixed
2026-06-26,C2,C2-H1,dishwasher,Dishwasher,seed-20260626-C2-H1,reportable,sample_input,,gb_sample_profile,Generated synthetic carbon profile,user_entered_tariff,Generated synthetic tariff,2026-06-26T00:00:00+00:00,2026-06-26T00:00:00+00:00,2026-06-27T00:00:00+00:00,True,False,40,40,44,4,16.89,13.11,202.6,157.3,0,0,0.68,Mixed
2026-06-26,C2,C2-H1,washing_machine,Washing machine,seed-20260626-C2-H1,reportable,sample_input,,gb_sample_profile,Generated synthetic carbon profile,user_entered_tariff,Generated synthetic tariff,2026-06-26T00:00:00+00:00,2026-06-26T00:00:00+00:00,2026-06-27T00:00:00+00:00,True,False,11,11,2,3,12.25,8.17,147.0,98.0,0,0,0.85,Strong
2026-06-26,C2,C2-H1,ev_charge,EV charge,seed-20260626-C2-H1,reportable,sample_input,,gb_sample_profile,Generated synthetic carbon profile,user_entered_tariff,Generated synthetic tariff,2026-06-26T00:00:00+00:00,2026-06-26T00:00:00+00:00,2026-06-27T00:00:00+00:00,True,False,0,0,0,6,64.62,64.62,775.5,775.5,0,0,0.85,Strong
2026-06-26,C2,C2-H1,tumble_dryer,Tumble dryer,seed-20260626-C2-H1,reportable,sample_input,,gb_sample_profile,Generated synthetic carbon profile,user_entered_tariff,Generated synthetic tariff,2026-06-26T00:00:00+00:00,2026-06-26T00:00:00+00:00,2026-06-27T00:00:00+00:00,True,False,35,35,43,3,38.46,23.9,461.5,286.7,3,0,0.689,Mixed
2026-06-26,C2,C2-H2,dishwasher,Dishwasher,seed-20260626-C2-H2,reportable,sample_input,,gb_sample_profile,Generated synthetic carbon profile,user_entered_tariff,Generated synthetic tariff,2026-06-26T00:00:00+00:00,2026-06-26T00:00:00+00:00,2026-06-27T00:00:00+00:00,True,False,40,40,44,4,21.48,16.76,257.7,201.1,0,0,0.68,Mixed
2026-06-26,C2,C2-H2,washing_machine,Washing machine,seed-20260626-C2-H2,reportable,sample_input,,gb_sample_profile,Generated synthetic carbon profile,user_entered_tariff,Generated synthetic tariff,2026-06-26T00:00:00+00:00,2026-06-26T00:00:00+00:00,2026-06-27T00:00:00+00:00,True,False,11,11,5,3,10.7,8.65,128.4,103.8,0,0,0.85,Strong
2026-06-26,C2,C2-H2,ev_charge,EV charge,seed-20260626-C2-H2,reportable,sample_input,,gb_sample_profile,Generated synthetic carbon profile,user_entered_tariff,Generated synthetic tariff,2026-06-26T00:00:00+00:00,2026-06-26T00:00:00+00:00,2026-06-27T00:00:00+00:00,True,False,0,0,3,6,73.85,68.45,886.2,821.4,0,0,0.85,Strong
2026-06-26,C2,C2-H2,tumble_dryer,Tumble dryer,seed-20260626-C2-H2,reportable,sample_input,,gb_sample_profile,Generated synthetic carbon profile,user_entered_tariff,Generated synthetic tariff,2026-06-26T00:00:00+00:00,2026-06-26T00:00:00+00:00,2026-06-27T00:00:00+00:00,True,False,35,35,43,3,57.96,30.76,695.5,369.1,3,0,0.689,Mixed
2026-06-27,C1,C1-H1,dishwasher,Dishwasher,seed-20260627-C1-H1,reportable,sample_input,,gb_sample_profile,Generated synthetic carbon profile,user_entered_tariff,Generated synthetic tariff,2026-06-27T00:00:00+00:00,2026-06-27T00:00:00+00:00,2026-06-28T00:00:00+00:00,True,False,40,40,44,4,25.02,18.91,300.3,227.0,0,0,0.68,Mixed
2026-06-27,C1,C1-H1,washing_machine,Washing machine,seed-20260627-C1-H1,reportable,sample_input,,gb_sample_profile,Generated synthetic carbon profile,user_entered_tariff,Generated synthetic tariff,2026-06-27T00:00:00+00:00,2026-06-27T00:00:00+00:00,2026-06-28T00:00:00+00:00,True,False,11,11,8,3,8.57,8.08,102.9,96.9,0,0,0.85,Strong
2026-06-27,C1,C1-H1,ev_charge,EV charge,seed-20260627-C1-H1,reportable,sample_input,,gb_sample_profile,Generated synthetic carbon profile,user_entered_tariff,Generated synthetic tariff,2026-06-27T00:00:00+00:00,2026-06-27T00:00:00+00:00,2026-06-28T00:00:00+00:00,True,False,0,0,7,6,80.77,63.9,969.3,766.8,0,0,0.85,Strong
2026-06-27,C1,C1-H1,tumble_dryer,Tumble dryer,seed-20260627-C1-H1,reportable,sample_input,,gb_sample_profile,Generated synthetic carbon profile,user_entered_tariff,Generated synthetic tariff,2026-06-27T00:00:00+00:00,2026-06-27T00:00:00+00:00,2026-06-28T00:00:00+00:00,True,False,35,35,43,3,49.67,34.36,596.1,412.4,3,0,0.689,Mixed
2026-06-27,C1,C1-H2,dishwasher,Dishwasher,seed-20260627-C1-H2,reportable,sample_input,,gb_sample_profile,Generated synthetic carbon profile,user_entered_tariff,Generated synthetic tariff,2026-06-27T00:00:00+00:00,2026-06-27T00:00:00+00:00,2026-06-28T00:00:00+00:00,True,False,40,40,44,4,27.08,20.47,325.0,245.7,0,0,0.68,Mixed
2026-06-27,C1,C1-H2,washing_machine,Washing machine,seed-20260627-C1-H2,reportable,sample_input,,gb_sample_profile,Generated synthetic carbon profile,user_entered_tariff,Generated synthetic tariff,2026-06-27T00:00:00+00:00,2026-06-27T00:00:00+00:00,2026-06-28T00:00:00+00:00,True,False,11,11,8,3,9.28,8.74,111.4,104.9,0,0,0.85,Strong
2026-06-27,C1,C1-H2,ev_charge,EV charge,seed-20260627-C1-H2,reportable,sample_input,,gb_sample_profile,Generated synthetic carbon profile,user_entered_tariff,Generated synthetic tariff,2026-06-27T00:00:00+00:00,2026-06-27T00:00:00+00:00,2026-06-28T00:00:00+00:00,True,False,0,0,6,6,87.43,69.16,1049.1,829.9,0,0,0.85,Strong
2026-06-27,C1,C1-H2,tumble_dryer,Tumble dryer,seed-20260627-C1-H2,reportable,sample_input,,gb_sample_profile,Generated synthetic carbon profile,user_entered_tariff,Generated synthetic tariff,2026-06-27T00:00:00+00:00,2026-06-27T00:00:00+00:00,2026-06-28T00:00:00+00:00,True,False,35,35,43,3,53.77,37.2,645.2,446.3,3,0,0.689,Mixed
2026-06-27,C2,C2-H1,dishwasher,Dishwasher,seed-20260627-C2-H1,reportable,sample_input,,gb_sample_profile,Generated synthetic carbon profile,user_entered_tariff,Generated synthetic tariff,2026-06-27T00:00:00+00:00,2026-06-27T00:00:00+00:00,2026-06-28T00:00:00+00:00,True,False,40,40,44,4,16.86,13.05,202.4,156.5,0,0,0.68,Mixed
2026-06-27,C2,C2-H1,washing_machine,Washing machine,seed-20260627-C2-H1,reportable,sample_input,,gb_sample_profile,Generated synthetic carbon profile,user_entered_tariff,Generated synthetic tariff,2026-06-27T00:00:00+00:00,2026-06-27T00:00:00+00:00,2026-06-28T00:00:00+00:00,True,False,11,11,3,3,10.75,7.65,129.0,91.8,0,0,0.85,Strong
2026-06-27,C2,C2-H1,ev_charge,EV charge,seed-20260627-C2-H1,reportable,sample_input,,gb_sample_profile,Generated synthetic carbon profile,user_entered_tariff,Generated synthetic tariff,2026-06-27T00:00:00+00:00,2026-06-27T00:00:00+00:00,2026-06-28T00:00:00+00:00,True,False,0,0,1,6,61.37,60.56,736.4,726.7,0,0,0.85,Strong
2026-06-27,C2,C2-H1,tumble_dryer,Tumble dryer,seed-20260627-C2-H1,reportable,sample_input,,gb_sample_profile,Generated synthetic carbon profile,user_entered_tariff,Generated synthetic tariff,2026-06-27T00:00:00+00:00,2026-06-27T00:00:00+00:00,2026-06-28T00:00:00+00:00,True,False,35,35,43,3,41.25,23.89,495.0,286.7,3,0,0.689,Mixed
2026-06-27,C2,C2-H2,dishwasher,Dishwasher,seed-20260627-C2-H2,reportable,sample_input,,gb_sample_profile,Generated synthetic carbon profile,user_entered_tariff,Generated synthetic tariff,2026-06-27T00:00:00+00:00,2026-06-27T00:00:00+00:00,2026-06-28T00:00:00+00:00,True,False,40,40,44,4,19.85,15.39,238.2,184.7,0,0,0.68,Mixed
2026-06-27,C2,C2-H2,washing_machine,Washing machine,seed-20260627-C2-H2,reportable,sample_input,,gb_sample_profile,Generated synthetic carbon profile,user_entered_tariff,Generated synthetic tariff,2026-06-27T00:00:00+00:00,2026-06-27T00:00:00+00:00,2026-06-28T00:00:00+00:00,True,False,11,11,4,3,11.16,8.48,133.9,101.7,0,0,0.85,Strong
2026-06-27,C2,C2-H2,ev_charge,EV charge,seed-20260627-C2-H2,reportable,sample_input,,gb_sample_profile,Generated synthetic carbon profile,user_entered_tariff,Generated synthetic tariff,2026-06-27T00:00:00+00:00,2026-06-27T00:00:00+00:00,2026-06-28T00:00:00+00:00,True,False,0,0,2,6,69.73,67.07,836.8,804.8,0,0,0.85,Strong
2026-06-27,C2,C2-H2,tumble_dryer,Tumble dryer,seed-20260627-C2-H2,reportable,sample_input,,gb_sample_profile,Generated synthetic carbon profile,user_entered_tariff,Generated synthetic tariff,2026-06-27T00:00:00+00:00,2026-06-27T00:00:00+00:00,2026-06-28T00:00:00+00:00,True,False,35,35,43,3,51.31,28.25,615.8,339.0,3,0,0.689,Mixed
2026-06-28,C1,C1-H1,dishwasher,Dishwasher,seed-20260628-C1-H1,reportable,sample_input,,gb_sample_profile,Generated synthetic carbon profile,user_entered_tariff,Generated synthetic tariff,2026-06-28T00:00:00+00:00,2026-06-28T00:00:00+00:00,2026-06-29T00:00:00+00:00,True,False,40,40,44,4,22.06,17.21,264.7,206.5,0,0,0.68,Mixed
2026-06-28,C1,C1-H1,washing_machine,Washing machine,seed-20260628-C1-H1,reportable,sample_input,,gb_sample_profile,Generated synthetic carbon profile,user_entered_tariff,Generated synthetic tariff,2026-06-28T00:00:00+00:00,2026-06-28T00:00:00+00:00,2026-06-29T00:00:00+00:00,True,False,11,11,5,3,10.99,8.88,131.9,106.6,0,0,0.85,Strong
2026-06-28,C1,C1-H1,ev_charge,EV charge,seed-20260628-C1-H1,reportable,sample_input,,gb_sample_profile,Generated synthetic carbon profile,user_entered_tariff,Generated synthetic tariff,2026-06-28T00:00:00+00:00,2026-06-28T00:00:00+00:00,2026-06-29T00:00:00+00:00,True,False,0,0,3,6,75.83,70.29,910.0,843.5,0,0,0.85,Strong
2026-06-28,C1,C1-H1,tumble_dryer,Tumble dryer,seed-20260628-C1-H1,reportable,sample_input,,gb_sample_profile,Generated synthetic carbon profile,user_entered_tariff,Generated synthetic tariff,2026-06-28T00:00:00+00:00,2026-06-28T00:00:00+00:00,2026-06-29T00:00:00+00:00,True,False,35,35,43,3,59.52,31.59,714.2,379.0,3,0,0.689,Mixed
2026-06-28,C1,C1-H2,dishwasher,Dishwasher,seed-20260628-C1-H2,reportable,sample_input,,gb_sample_profile,Generated synthetic carbon profile,user_entered_tariff,Generated synthetic tariff,2026-06-28T00:00:00+00:00,2026-06-28T00:00:00+00:00,2026-06-29T00:00:00+00:00,True,False,40,40,44,4,21.14,16.5,253.7,198.0,0,0,0.68,Mixed
2026-06-28,C1,C1-H2,washing_machine,Washing machine,seed-20260628-C1-H2,reportable,sample_input,,gb_sample_profile,Generated synthetic carbon profile,user_entered_tariff,Generated synthetic tariff,2026-06-28T00:00:00+00:00,2026-06-28T00:00:00+00:00,2026-06-29T00:00:00+00:00,True,False,11,11,5,3,10.53,8.51,126.4,102.2,0,0,0.85,Strong
2026-06-28,C1,C1-H2,ev_charge,EV charge,seed-20260628-C1-H2,reportable,sample_input,,gb_sample_profile,Generated synthetic carbon profile,user_entered_tariff,Generated synthetic tariff,2026-06-28T00:00:00+00:00,2026-06-28T00:00:00+00:00,2026-06-29T00:00:00+00:00,True,False,0,0,3,6,72.68,67.37,872.1,808.4,0,0,0.85,Strong
2026-06-28,C1,C1-H2,tumble_dryer,Tumble dryer,seed-20260628-C1-H2,reportable,sample_input,,gb_sample_profile,Generated synthetic carbon profile,user_entered_tariff,Generated synthetic tariff,2026-06-28T00:00:00+00:00,2026-06-28T00:00:00+00:00,2026-06-29T00:00:00+00:00,True,False,35,35,43,3,57.04,30.27,684.5,363.3,3,0,0.689,Mixed
2026-06-28,C2,C2-H1,dishwasher,Dishwasher,seed-20260628-C2-H1,reportable,sample_input,,gb_sample_profile,Generated synthetic carbon profile,user_entered_tariff,Generated synthetic tariff,2026-06-28T00:00:00+00:00,2026-06-28T00:00:00+00:00,2026-06-29T00:00:00+00:00,True,False,40,40,44,4,18.84,14.61,226.1,175.3,0,0,0.68,Mixed
2026-06-28,C2,C2-H1,washing_machine,Washing machine,seed-20260628-C2-H1,reportable,sample_input,,gb_sample_profile,Generated synthetic carbon profile,user_entered_tariff,Generated synthetic tariff,2026-06-28T00:00:00+00:00,2026-06-28T00:00:00+00:00,2026-06-29T00:00:00+00:00,True,False,11,11,4,3,10.59,8.04,127.1,96.5,0,0,0.85,Strong
2026-06-28,C2,C2-H1,ev_charge,EV charge,seed-20260628-C2-H1,reportable,sample_input,,gb_sample_profile,Generated synthetic carbon profile,user_entered_tariff,Generated synthetic tariff,2026-06-28T00:00:00+00:00,2026-06-28T00:00:00+00:00,2026-06-29T00:00:00+00:00,True,False,0,0,2,6,66.17,63.64,794.0,763.7,0,0,0.85,Strong
2026-06-28,C2,C2-H1,tumble_dryer,Tumble dryer,seed-20260628-C2-H1,reportable,sample_input,,gb_sample_profile,Generated synthetic carbon profile,user_entered_tariff,Generated synthetic tariff,2026-06-28T00:00:00+00:00,2026-06-28T00:00:00+00:00,2026-06-29T00:00:00+00:00,True,False,35,35,43,3,48.69,26.8,584.3,321.7,3,0,0.689,Mixed
2026-06-28,C2,C2-H2,dishwasher,Dishwasher,seed-20260628-C2-H2,reportable,sample_input,,gb_sample_profile,Generated synthetic carbon profile,user_entered_tariff,Generated synthetic tariff,2026-06-28T00:00:00+00:00,2026-06-28T00:00:00+00:00,2026-06-29T00:00:00+00:00,True,False,40,40,44,4,19.89,15.42,238.7,185.1,0,0,0.68,Mixed
2026-06-28,C2,C2-H2,washing_machine,Washing machine,seed-20260628-C2-H2,reportable,sample_input,,gb_sample_profile,Generated synthetic carbon profile,user_entered_tariff,Generated synthetic tariff,2026-06-28T00:00:00+00:00,2026-06-28T00:00:00+00:00,2026-06-29T00:00:00+00:00,True,False,11,11,4,3,11.18,8.49,134.2,101.9,0,0,0.85,Strong
2026-06-28,C2,C2-H2,ev_charge,EV charge,seed-20260628-C2-H2,reportable,sample_input,,gb_sample_profile,Generated synthetic carbon profile,user_entered_tariff,Generated synthetic tariff,2026-06-28T00:00:00+00:00,2026-06-28T00:00:00+00:00,2026-06-29T00:00:00+00:00,True,False,0,0,2,6,69.87,67.2,838.4,806.4,0,0,0.85,Strong
2026-06-28,C2,C2-H2,tumble_dryer,Tumble dryer,seed-20260628-C2-H2,reportable,sample_input,,gb_sample_profile,Generated synthetic carbon profile,user_entered_tariff,Generated synthetic tariff,2026-06-28T00:00:00+00:00,2026-06-28T00:00:00+00:00,2026-06-29T00:00:00+00:00,True,False,35,35,43,3,51.41,28.3,617.0,339.6,3,0,0.689,Mixed
2026-06-29,C1,C1-H1,dishwasher,Dishwasher,seed-20260629-C1-H1,reportable,sample_input,,gb_sample_profile,Generated synthetic carbon profile,user_entered_tariff,Generated synthetic tariff,2026-06-29T00:00:00+00:00,2026-06-29T00:00:00+00:00,2026-06-30T00:00:00+00:00,True,False,40,40,44,4,19.36,15.11,232.3,181.3,0,0,0.68,Mixed
2026-06-29,C1,C1-H1,washing_machine,Washing machine,seed-20260629-C1-H1,reportable,sample_input,,gb_sample_profile,Generated synthetic carbon profile,user_entered_tariff,Generated synthetic tariff,2026-06-29T00:00:00+00:00,2026-06-29T00:00:00+00:00,2026-06-30T00:00:00+00:00,True,False,11,11,5,3,9.64,7.8,115.7,93.6,0,0,0.85,Strong
2026-06-29,C1,C1-H1,ev_charge,EV charge,seed-20260629-C1-H1,reportable,sample_input,,gb_sample_profile,Generated synthetic carbon profile,user_entered_tariff,Generated synthetic tariff,2026-06-29T00:00:00+00:00,2026-06-29T00:00:00+00:00,2026-06-30T00:00:00+00:00,True,False,0,0,3,6,66.56,61.69,798.7,740.3,0,0,0.85,Strong
2026-06-29,C1,C1-H1,tumble_dryer,Tumble dryer,seed-20260629-C1-H1,reportable,sample_input,,gb_sample_profile,Generated synthetic carbon profile,user_entered_tariff,Generated synthetic tariff,2026-06-29T00:00:00+00:00,2026-06-29T00:00:00+00:00,2026-06-30T00:00:00+00:00,True,False,35,35,43,3,52.24,27.72,626.9,332.7,3,0,0.689,Mixed
2026-06-29,C1,C1-H2,dishwasher,Dishwasher,seed-20260629-C1-H2,reportable,sample_input,,gb_sample_profile,Generated synthetic carbon profile,user_entered_tariff,Generated synthetic tariff,2026-06-29T00:00:00+00:00,2026-06-29T00:00:00+00:00,2026-06-30T00:00:00+00:00,True,False,40,40,44,4,22.07,17.22,264.8,206.6,0,0,0.68,Mixed
2026-06-29,C1,C1-H2,washing_machine,Washing machine,seed-20260629-C1-H2,reportable,sample_input,,gb_sample_profile,Generated synthetic carbon profile,user_entered_tariff,Generated synthetic tariff,2026-06-29T00:00:00+00:00,2026-06-29T00:00:00+00:00,2026-06-30T00:00:00+00:00,True,False,11,11,5,3,10.99,8.89,131.9,106.6,0,0,0.85,Strong
2026-06-29,C1,C1-H2,ev_charge,EV charge,seed-20260629-C1-H2,reportable,sample_input,,gb_sample_profile,Generated synthetic carbon profile,user_entered_tariff,Generated synthetic tariff,2026-06-29T00:00:00+00:00,2026-06-29T00:00:00+00:00,2026-06-30T00:00:00+00:00,True,False,0,0,3,6,75.87,70.32,910.4,843.9,0,0,0.85,Strong
2026-06-29,C1,C1-H2,tumble_dryer,Tumble dryer,seed-20260629-C1-H2,reportable,sample_input,,gb_sample_profile,Generated synthetic carbon profile,user_entered_tariff,Generated synthetic tariff,2026-06-29T00:00:00+00:00,2026-06-29T00:00:00+00:00,2026-06-30T00:00:00+00:00,True,False,35,35,43,3,59.55,31.6,714.6,379.2,3,0,0.689,Mixed
2026-06-29,C2,C2-H1,dishwasher,Dishwasher,seed-20260629-C2-H1,reportable,sample_input,,gb_sample_profile,Generated synthetic carbon profile,user_entered_tariff,Generated synthetic tariff,2026-06-29T00:00:00+00:00,2026-06-29T00:00:00+00:00,2026-06-30T00:00:00+00:00,True,False,40,40,44,4,22.52,17.99,270.2,215.9,0,0,0.68,Mixed
2026-06-29,C2,C2-H1,washing_machine,Washing machine,seed-20260629-C2-H1,reportable,sample_input,,gb_sample_profile,Generated synthetic carbon profile,user_entered_tariff,Generated synthetic tariff,2026-06-29T00:00:00+00:00,2026-06-29T00:00:00+00:00,2026-06-30T00:00:00+00:00,True,False,11,11,7,3,9.05,8.17,108.6,98.0,0,0,0.85,Strong
2026-06-29,C2,C2-H1,ev_charge,EV charge,seed-20260629-C2-H1,reportable,sample_input,,gb_sample_profile,Generated synthetic carbon profile,user_entered_tariff,Generated synthetic tariff,2026-06-29T00:00:00+00:00,2026-06-29T00:00:00+00:00,2026-06-30T00:00:00+00:00,True,False,0,0,5,6,77.01,64.61,924.1,775.3,0,0,0.85,Strong
2026-06-29,C2,C2-H1,tumble_dryer,Tumble dryer,seed-20260629-C2-H1,reportable,sample_input,,gb_sample_profile,Generated synthetic carbon profile,user_entered_tariff,Generated synthetic tariff,2026-06-29T00:00:00+00:00,2026-06-29T00:00:00+00:00,2026-06-30T00:00:00+00:00,True,False,35,35,43,3,53.21,32.83,638.5,394.0,3,0,0.689,Mixed
2026-06-29,C2,C2-H2,dishwasher,Dishwasher,seed-20260629-C2-H2,reportable,sample_input,,gb_sample_profile,Generated synthetic carbon profile,user_entered_tariff,Generated synthetic tariff,2026-06-29T00:00:00+00:00,2026-06-29T00:00:00+00:00,2026-06-30T00:00:00+00:00,True,False,40,40,44,4,19.78,15.6,237.4,187.2,0,0,0.68,Mixed
2026-06-29,C2,C2-H2,washing_machine,Washing machine,seed-20260629-C2-H2,reportable,sample_input,,gb_sample_profile,Generated synthetic carbon profile,user_entered_tariff,Generated synthetic tariff,2026-06-29T00:00:00+00:00,2026-06-29T00:00:00+00:00,2026-06-30T00:00:00+00:00,True,False,11,11,6,3,8.81,7.54,105.7,90.5,0,0,0.85,Strong
2026-06-29,C2,C2-H2,ev_charge,EV charge,seed-20260629-C2-H2,reportable,sample_input,,gb_sample_profile,Generated synthetic carbon profile,user_entered_tariff,Generated synthetic tariff,2026-06-29T00:00:00+00:00,2026-06-29T00:00:00+00:00,2026-06-30T00:00:00+00:00,True,False,0,0,4,6,67.45,59.7,809.4,716.4,0,0,0.85,Strong
2026-06-29,C2,C2-H2,tumble_dryer,Tumble dryer,seed-20260629-C2-H2,reportable,sample_input,,gb_sample_profile,Generated synthetic carbon profile,user_entered_tariff,Generated synthetic tariff,2026-06-29T00:00:00+00:00,2026-06-29T00:00:00+00:00,2026-06-30T00:00:00+00:00,True,False,35,35,43,3,51.72,28.57,620.6,342.8,3,0,0.689,Mixed
2026-06-30,C1,C1-H1,dishwasher,Dishwasher,seed-20260630-C1-H1,reportable,sample_input,,gb_sample_profile,Generated synthetic carbon profile,user_entered_tariff,Generated synthetic tariff,2026-06-30T00:00:00+00:00,2026-06-30T00:00:00+00:00,2026-07-01T00:00:00+00:00,True,False,40,40,44,4,18.62,14.46,223.4,173.5,0,0,0.68,Mixed
2026-06-30,C1,C1-H1,washing_machine,Washing machine,seed-20260630-C1-H1,reportable,sample_input,,gb_sample_profile,Generated synthetic carbon profile,user_entered_tariff,Generated synthetic tariff,2026-06-30T00:00:00+00:00,2026-06-30T00:00:00+00:00,2026-07-01T00:00:00+00:00,True,False,11,11,2,3,13.51,9.01,162.1,108.1,0,0,0.85,Strong
2026-06-30,C1,C1-H1,ev_charge,EV charge,seed-20260630-C1-H1,reportable,sample_input,,gb_sample_profile,Generated synthetic carbon profile,user_entered_tariff,Generated synthetic tariff,2026-06-30T00:00:00+00:00,2026-06-30T00:00:00+00:00,2026-07-01T00:00:00+00:00,True,False,0,0,0,6,71.26,71.26,855.1,855.1,0,0,0.85,Strong
2026-06-30,C1,C1-H1,tumble_dryer,Tumble dryer,seed-20260630-C1-H1,reportable,sample_input,,gb_sample_profile,Generated synthetic carbon profile,user_entered_tariff,Generated synthetic tariff,2026-06-30T00:00:00+00:00,2026-06-30T00:00:00+00:00,2026-07-01T00:00:00+00:00,True,False,35,35,43,3,42.41,26.35,508.9,316.2,3,0,0.689,Mixed
2026-06-30,C1,C1-H2,dishwasher,Dishwasher,seed-20260630-C1-H2,reportable,sample_input,,gb_sample_profile,Generated synthetic carbon profile,user_entered_tariff,Generated synthetic tariff,2026-06-30T00:00:00+00:00,2026-06-30T00:00:00+00:00,2026-07-01T00:00:00+00:00,True,False,40,40,44,4,21.61,16.75,259.3,201.0,0,0,0.68,Mixed
2026-06-30,C1,C1-H2,washing_machine,Washing machine,seed-20260630-C1-H2,reportable,sample_input,,gb_sample_profile,Generated synthetic carbon profile,user_entered_tariff,Generated synthetic tariff,2026-06-30T00:00:00+00:00,2026-06-30T00:00:00+00:00,2026-07-01T00:00:00+00:00,True,False,11,11,4,3,12.15,9.22,145.7,110.7,0,0,0.85,Strong
2026-06-30,C1,C1-H2,ev_charge,EV charge,seed-20260630-C1-H2,reportable,sample_input,,gb_sample_profile,Generated synthetic carbon profile,user_entered_tariff,Generated synthetic tariff,2026-06-30T00:00:00+00:00,2026-06-30T00:00:00+00:00,2026-07-01T00:00:00+00:00,True,False,0,0,3,6,75.89,72.99,910.7,875.9,0,0,0.85,Strong
2026-06-30,C1,C1-H2,tumble_dryer,Tumble dryer,seed-20260630-C1-H2,reportable,sample_input,,gb_sample_profile,Generated synthetic carbon profile,user_entered_tariff,Generated synthetic tariff,2026-06-30T00:00:00+00:00,2026-06-30T00:00:00+00:00,2026-07-01T00:00:00+00:00,True,False,35,35,43,3,55.85,30.74,670.2,368.9,3,0,0.689,Mixed
2026-06-30,C2,C2-H1,dishwasher,Dishwasher,seed-20260630-C2-H1,reportable,sample_input,,gb_sample_profile,Generated synthetic carbon profile,user_entered_tariff,Generated synthetic tariff,2026-06-30T00:00:00+00:00,2026-06-30T00:00:00+00:00,2026-07-01T00:00:00+00:00,True,False,40,40,44,4,19.64,15.2,235.7,182.4,0,0,0.68,Mixed
2026-06-30,C2,C2-H1,washing_machine,Washing machine,seed-20260630-C2-H1,reportable,sample_input,,gb_sample_profile,Generated synthetic carbon profile,user_entered_tariff,Generated synthetic tariff,2026-06-30T00:00:00+00:00,2026-06-30T00:00:00+00:00,2026-07-01T00:00:00+00:00,True,False,11,11,3,3,12.52,8.92,150.3,107.0,0,0,0.85,Strong
2026-06-30,C2,C2-H1,ev_charge,EV charge,seed-20260630-C2-H1,reportable,sample_input,,gb_sample_profile,Generated synthetic carbon profile,user_entered_tariff,Generated synthetic tariff,2026-06-30T00:00:00+00:00,2026-06-30T00:00:00+00:00,2026-07-01T00:00:00+00:00,True,False,0,0,1,6,71.49,70.55,857.9,846.6,0,0,0.85,Strong
2026-06-30,C2,C2-H1,tumble_dryer,Tumble dryer,seed-20260630-C2-H1,reportable,sample_input,,gb_sample_profile,Generated synthetic carbon profile,user_entered_tariff,Generated synthetic tariff,2026-06-30T00:00:00+00:00,2026-06-30T00:00:00+00:00,2026-07-01T00:00:00+00:00,True,False,35,35,43,3,48.05,27.83,576.6,334.0,3,0,0.689,Mixed
2026-06-30,C2,C2-H2,dishwasher,Dishwasher,seed-20260630-C2-H2,reportable,sample_input,,gb_sample_profile,Generated synthetic carbon profile,user_entered_tariff,Generated synthetic tariff,2026-06-30T00:00:00+00:00,2026-06-30T00:00:00+00:00,2026-07-01T00:00:00+00:00,True,False,40,40,44,4,19.32,15.08,231.9,181.0,0,0,0.68,Mixed
2026-06-30,C2,C2-H2,washing_machine,Washing machine,seed-20260630-C2-H2,reportable,sample_input,,gb_sample_profile,Generated synthetic carbon profile,user_entered_tariff,Generated synthetic tariff,2026-06-30T00:00:00+00:00,2026-06-30T00:00:00+00:00,2026-07-01T00:00:00+00:00,True,False,11,11,5,3,9.63,7.78,115.5,93.4,0,0,0.85,Strong
2026-06-30,C2,C2-H2,ev_charge,EV charge,seed-20260630-C2-H2,reportable,sample_input,,gb_sample_profile,Generated synthetic carbon profile,user_entered_tariff,Generated synthetic tariff,2026-06-30T00:00:00+00:00,2026-06-30T00:00:00+00:00,2026-07-01T00:00:00+00:00,True,False,0,0,3,6,66.44,61.58,797.3,739.0,0,0,0.85,Strong
2026-06-30,C2,C2-H2,tumble_dryer,Tumble dryer,seed-20260630-C2-H2,reportable,sample_input,,gb_sample_profile,Generated synthetic carbon profile,user_entered_tariff,Generated synthetic tariff,2026-06-30T00:00:00+00:00,2026-06-30T00:00:00+00:00,2026-07-01T00:00:00+00:00,True,False,35,35,43,3,52.15,27.67,625.8,332.1,3,0,0.689,Mixed
2026-07-01,C1,C1-H1,dishwasher,Dishwasher,seed-20260701-C1-H1,reportable,sample_input,,gb_sample_profile,Generated synthetic carbon profile,user_entered_tariff,Generated synthetic tariff,2026-07-01T00:00:00+00:00,2026-07-01T00:00:00+00:00,2026-07-02T00:00:00+00:00,True,False,40,40,44,4,24.51,18.53,294.1,222.3,0,0,0.68,Mixed
2026-07-01,C1,C1-H1,washing_machine,Washing machine,seed-20260701-C1-H1,reportable,sample_input,,gb_sample_profile,Generated synthetic carbon profile,user_entered_tariff,Generated synthetic tariff,2026-07-01T00:00:00+00:00,2026-07-01T00:00:00+00:00,2026-07-02T00:00:00+00:00,True,False,11,11,8,3,8.4,7.91,100.8,94.9,0,0,0.85,Strong
2026-07-01,C1,C1-H1,ev_charge,EV charge,seed-20260701-C1-H1,reportable,sample_input,,gb_sample_profile,Generated synthetic carbon profile,user_entered_tariff,Generated synthetic tariff,2026-07-01T00:00:00+00:00,2026-07-01T00:00:00+00:00,2026-07-02T00:00:00+00:00,True,False,0,0,6,6,79.11,62.59,949.4,751.0,0,0,0.85,Strong
2026-07-01,C1,C1-H1,tumble_dryer,Tumble dryer,seed-20260701-C1-H1,reportable,sample_input,,gb_sample_profile,Generated synthetic carbon profile,user_entered_tariff,Generated synthetic tariff,2026-07-01T00:00:00+00:00,2026-07-01T00:00:00+00:00,2026-07-02T00:00:00+00:00,True,False,35,35,43,3,48.65,33.66,583.8,403.9,3,0,0.689,Mixed
2026-07-01,C1,C1-H2,dishwasher,Dishwasher,seed-20260701-C1-H2,reportable,sample_input,,gb_sample_profile,Generated synthetic carbon profile,user_entered_tariff,Generated synthetic tariff,2026-07-01T00:00:00+00:00,2026-07-01T00:00:00+00:00,2026-07-02T00:00:00+00:00,True,False,40,40,44,4,15.63,12.14,187.6,145.6,0,0,0.68,Mixed
2026-07-01,C1,C1-H2,washing_machine,Washing machine,seed-20260701-C1-H2,reportable,sample_input,,gb_sample_profile,Generated synthetic carbon profile,user_entered_tariff,Generated synthetic tariff,2026-07-01T00:00:00+00:00,2026-07-01T00:00:00+00:00,2026-07-02T00:00:00+00:00,True,False,11,11,2,3,11.34,7.56,136.1,90.7,0,0,0.85,Strong
2026-07-01,C1,C1-H2,ev_charge,EV charge,seed-20260701-C1-H2,reportable,sample_input,,gb_sample_profile,Generated synthetic carbon profile,user_entered_tariff,Generated synthetic tariff,2026-07-01T00:00:00+00:00,2026-07-01T00:00:00+00:00,2026-07-02T00:00:00+00:00,True,False,0,0,1,6,59.83,59.83,717.9,717.9,0,0,0.85,Strong
2026-07-01,C1,C1-H2,tumble_dryer,Tumble dryer,seed-20260701-C1-H2,reportable,sample_input,,gb_sample_profile,Generated synthetic carbon profile,user_entered_tariff,Generated synthetic tariff,2026-07-01T00:00:00+00:00,2026-07-01T00:00:00+00:00,2026-07-02T00:00:00+00:00,True,False,35,35,43,3,35.61,22.12,427.3,265.5,3,0,0.689,Mixed
2026-07-01,C2,C2-H1,dishwasher,Dishwasher,seed-20260701-C2-H1,reportable,sample_input,,gb_sample_profile,Generated synthetic carbon profile,user_entered_tariff,Generated synthetic tariff,2026-07-01T00:00:00+00:00,2026-07-01T00:00:00+00:00,2026-07-02T00:00:00+00:00,True,False,40,40,44,4,17.67,13.72,212.0,164.6,0,0,0.68,Mixed
2026-07-01,C2,C2-H1,washing_machine,Washing machine,seed-20260701-C2-H1,reportable,sample_input,,gb_sample_profile,Generated synthetic carbon profile,user_entered_tariff,Generated synthetic tariff,2026-07-01T00:00:00+00:00,2026-07-01T00:00:00+00:00,2026-07-02T00:00:00+00:00,True,False,11,11,2,3,12.82,8.55,153.8,102.6,0,0,0.85,Strong
2026-07-01,C2,C2-H1,ev_charge,EV charge,seed-20260701-C2-H1,reportable,sample_input,,gb_sample_profile,Generated synthetic carbon profile,user_entered_tariff,Generated synthetic tariff,2026-07-01T00:00:00+00:00,2026-07-01T00:00:00+00:00,2026-07-02T00:00:00+00:00,True,False,0,0,0,6,67.62,67.62,811.5,811.5,0,0,0.85,Strong
2026-07-01,C2,C2-H1,tumble_dryer,Tumble dryer,seed-20260701-C2-H1,reportable,sample_input,,gb_sample_profile,Generated synthetic carbon profile,user_entered_tariff,Generated synthetic tariff,2026-07-01T00:00:00+00:00,2026-07-01T00:00:00+00:00,2026-07-02T00:00:00+00:00,True,False,35,35,43,3,40.25,25.01,482.9,300.1,3,0,0.689,Mixed
2026-07-01,C2,C2-H2,dishwasher,Dishwasher,seed-20260701-C2-H2,reportable,sample_input,,gb_sample_profile,Generated synthetic carbon profile,user_entered_tariff,Generated synthetic tariff,2026-07-01T00:00:00+00:00,2026-07-01T00:00:00+00:00,2026-07-02T00:00:00+00:00,True,False,40,40,44,4,22.32,17.3,267.8,207.7,0,0,0.68,Mixed
2026-07-01,C2,C2-H2,washing_machine,Washing machine,seed-20260701-C2-H2,reportable,sample_input,,gb_sample_profile,Generated synthetic carbon profile,user_entered_tariff,Generated synthetic tariff,2026-07-01T00:00:00+00:00,2026-07-01T00:00:00+00:00,2026-07-02T00:00:00+00:00,True,False,11,11,4,3,12.55,9.53,150.6,114.3,0,0,0.85,Strong
2026-07-01,C2,C2-H2,ev_charge,EV charge,seed-20260701-C2-H2,reportable,sample_input,,gb_sample_profile,Generated synthetic carbon profile,user_entered_tariff,Generated synthetic tariff,2026-07-01T00:00:00+00:00,2026-07-01T00:00:00+00:00,2026-07-02T00:00:00+00:00,True,False,0,0,2,6,78.39,75.4,940.7,904.8,0,0,0.85,Strong
2026-07-01,C2,C2-H2,tumble_dryer,Tumble dryer,seed-20260701-C2-H2,reportable,sample_input,,gb_sample_profile,Generated synthetic carbon profile,user_entered_tariff,Generated synthetic tariff,2026-07-01T00:00:00+00:00,2026-07-01T00:00:00+00:00,2026-07-02T00:00:00+00:00,True,False,35,35,43,3,57.69,31.76,692.3,381.1,3,0,0.689,Mixed
2026-07-02,C1,C1-H1,dishwasher,Dishwasher,seed-20260702-C1-H1,reportable,sample_input,,gb_sample_profile,Generated synthetic carbon profile,user_entered_tariff,Generated synthetic tariff,2026-07-02T00:00:00+00:00,2026-07-02T00:00:00+00:00,2026-07-03T00:00:00+00:00,True,False,40,40,44,4,17.92,13.92,215.1,167.0,0,0,0.68,Mixed
2026-07-02,C1,C1-H1,washing_machine,Washing machine,seed-20260702-C1-H1,reportable,sample_input,,gb_sample_profile,Generated synthetic carbon profile,user_entered_tariff,Generated synthetic tariff,2026-07-02T00:00:00+00:00,2026-07-02T00:00:00+00:00,2026-07-03T00:00:00+00:00,True,False,11,11,2,3,13.0,8.67,156.0,104.0,0,0,0.85,Strong
2026-07-02,C1,C1-H1,ev_charge,EV charge,seed-20260702-C1-H1,reportable,sample_input,,gb_sample_profile,Generated synthetic carbon profile,user_entered_tariff,Generated synthetic tariff,2026-07-02T00:00:00+00:00,2026-07-02T00:00:00+00:00,2026-07-03T00:00:00+00:00,True,False,0,0,0,6,68.59,68.59,823.1,823.1,0,0,0.85,Strong
2026-07-02,C1,C1-H1,tumble_dryer,Tumble dryer,seed-20260702-C1-H1,reportable,sample_input,,gb_sample_profile,Generated synthetic carbon profile,user_entered_tariff,Generated synthetic tariff,2026-07-02T00:00:00+00:00,2026-07-02T00:00:00+00:00,2026-07-03T00:00:00+00:00,True,False,35,35,43,3,40.82,25.36,489.9,304.4,3,0,0.689,Mixed
2026-07-02,C1,C1-H2,dishwasher,Dishwasher,seed-20260702-C1-H2,reportable,sample_input,,gb_sample_profile,Generated synthetic carbon profile,user_entered_tariff,Generated synthetic tariff,2026-07-02T00:00:00+00:00,2026-07-02T00:00:00+00:00,2026-07-03T00:00:00+00:00,True,False,40,40,44,4,20.22,15.78,242.6,189.4,0,0,0.68,Mixed
2026-07-02,C1,C1-H2,washing_machine,Washing machine,seed-20260702-C1-H2,reportable,sample_input,,gb_sample_profile,Generated synthetic carbon profile,user_entered_tariff,Generated synthetic tariff,2026-07-02T00:00:00+00:00,2026-07-02T00:00:00+00:00,2026-07-03T00:00:00+00:00,True,False,11,11,5,3,10.07,8.14,120.9,97.7,0,0,0.85,Strong
2026-07-02,C1,C1-H2,ev_charge,EV charge,seed-20260702-C1-H2,reportable,sample_input,,gb_sample_profile,Generated synthetic carbon profile,user_entered_tariff,Generated synthetic tariff,2026-07-02T00:00:00+00:00,2026-07-02T00:00:00+00:00,2026-07-03T00:00:00+00:00,True,False,0,0,4,6,69.52,64.44,834.3,773.3,0,0,0.85,Strong
2026-07-02,C1,C1-H2,tumble_dryer,Tumble dryer,seed-20260702-C1-H2,reportable,sample_input,,gb_sample_profile,Generated synthetic carbon profile,user_entered_tariff,Generated synthetic tariff,2026-07-02T00:00:00+00:00,2026-07-02T00:00:00+00:00,2026-07-03T00:00:00+00:00,True,False,35,35,43,3,54.57,28.96,654.8,347.5,3,0,0.689,Mixed
2026-07-02,C2,C2-H1,dishwasher,Dishwasher,seed-20260702-C2-H1,reportable,sample_input,,gb_sample_profile,Generated synthetic carbon profile,user_entered_tariff,Generated synthetic tariff,2026-07-02T00:00:00+00:00,2026-07-02T00:00:00+00:00,2026-07-03T00:00:00+00:00,True,False,40,40,44,4,29.09,21.99,349.1,263.9,0,0,0.68,Mixed
2026-07-02,C2,C2-H1,washing_machine,Washing machine,seed-20260702-C2-H1,reportable,sample_input,,gb_sample_profile,Generated synthetic carbon profile,user_entered_tariff,Generated synthetic tariff,2026-07-02T00:00:00+00:00,2026-07-02T00:00:00+00:00,2026-07-03T00:00:00+00:00,True,False,11,11,8,3,9.97,9.39,119.6,112.7,0,0,0.85,Strong
2026-07-02,C2,C2-H1,ev_charge,EV charge,seed-20260702-C2-H1,reportable,sample_input,,gb_sample_profile,Generated synthetic carbon profile,user_entered_tariff,Generated synthetic tariff,2026-07-02T00:00:00+00:00,2026-07-02T00:00:00+00:00,2026-07-03T00:00:00+00:00,True,False,0,0,6,6,93.91,74.29,1127.0,891.5,0,0,0.85,Strong
2026-07-02,C2,C2-H1,tumble_dryer,Tumble dryer,seed-20260702-C2-H1,reportable,sample_input,,gb_sample_profile,Generated synthetic carbon profile,user_entered_tariff,Generated synthetic tariff,2026-07-02T00:00:00+00:00,2026-07-02T00:00:00+00:00,2026-07-03T00:00:00+00:00,True,False,35,35,43,3,57.75,39.95,693.0,479.4,3,0,0.689,Mixed
2026-07-02,C2,C2-H2,dishwasher,Dishwasher,seed-20260702-C2-H2,reportable,sample_input,,gb_sample_profile,Generated synthetic carbon profile,user_entered_tariff,Generated synthetic tariff,2026-07-02T00:00:00+00:00,2026-07-02T00:00:00+00:00,2026-07-03T00:00:00+00:00,True,False,40,40,44,4,18.86,14.72,226.4,176.7,0,0,0.68,Mixed
2026-07-02,C2,C2-H2,washing_machine,Washing machine,seed-20260702-C2-H2,reportable,sample_input,,gb_sample_profile,Generated synthetic carbon profile,user_entered_tariff,Generated synthetic tariff,2026-07-02T00:00:00+00:00,2026-07-02T00:00:00+00:00,2026-07-03T00:00:00+00:00,True,False,11,11,5,3,9.4,7.6,112.8,91.2,0,0,0.85,Strong
2026-07-02,C2,C2-H2,ev_charge,EV charge,seed-20260702-C2-H2,reportable,sample_input,,gb_sample_profile,Generated synthetic carbon profile,user_entered_tariff,Generated synthetic tariff,2026-07-02T00:00:00+00:00,2026-07-02T00:00:00+00:00,2026-07-03T00:00:00+00:00,True,False,0,0,4,6,64.86,60.12,778.3,721.4,0,0,0.85,Strong
2026-07-02,C2,C2-H2,tumble_dryer,Tumble dryer,seed-20260702-C2-H2,reportable,sample_input,,gb_sample_profile,Generated synthetic carbon profile,user_entered_tariff,Generated synthetic tariff,2026-07-02T00:00:00+00:00,2026-07-02T00:00:00+00:00,2026-07-03T00:00:00+00:00,True,False,35,35,43,3,50.91,27.02,610.9,324.2,3,0,0.689,Mixed
2026-07-03,C1,C1-H1,dishwasher,Dishwasher,seed-20260703-C1-H1,reportable,sample_input,,gb_sample_profile,Generated synthetic carbon profile,user_entered_tariff,Generated synthetic tariff,2026-07-03T00:00:00+00:00,2026-07-03T00:00:00+00:00,2026-07-04T00:00:00+00:00,True,False,40,40,44,4,26.95,20.37,323.4,244.5,0,0,0.68,Mixed
2026-07-03,C1,C1-H1,washing_machine,Washing machine,seed-20260703-C1-H1,reportable,sample_input,,gb_sample_profile,Generated synthetic carbon profile,user_entered_tariff,Generated synthetic tariff,2026-07-03T00:00:00+00:00,2026-07-03T00:00:00+00:00,2026-07-04T00:00:00+00:00,True,False,11,11,8,3,9.24,8.7,110.8,104.4,0,0,0.85,Strong
2026-07-03,C1,C1-H1,ev_charge,EV charge,seed-20260703-C1-H1,reportable,sample_input,,gb_sample_profile,Generated synthetic carbon profile,user_entered_tariff,Generated synthetic tariff,2026-07-03T00:00:00+00:00,2026-07-03T00:00:00+00:00,2026-07-04T00:00:00+00:00,True,False,0,0,7,6,87.0,68.82,1044.0,825.9,0,0,0.85,Strong
2026-07-03,C1,C1-H1,tumble_dryer,Tumble dryer,seed-20260703-C1-H1,reportable,sample_input,,gb_sample_profile,Generated synthetic carbon profile,user_entered_tariff,Generated synthetic tariff,2026-07-03T00:00:00+00:00,2026-07-03T00:00:00+00:00,2026-07-04T00:00:00+00:00,True,False,35,35,43,3,53.5,37.01,642.0,444.2,3,0,0.689,Mixed
2026-07-03,C1,C1-H2,dishwasher,Dishwasher,seed-20260703-C1-H2,reportable,sample_input,,gb_sample_profile,Generated synthetic carbon profile,user_entered_tariff,Generated synthetic tariff,2026-07-03T00:00:00+00:00,2026-07-03T00:00:00+00:00,2026-07-04T00:00:00+00:00,True,False,40,40,44,4,18.34,14.24,220.1,170.9,0,0,0.68,Mixed
2026-07-03,C1,C1-H2,washing_machine,Washing machine,seed-20260703-C1-H2,reportable,sample_input,,gb_sample_profile,Generated synthetic carbon profile,user_entered_tariff,Generated synthetic tariff,2026-07-03T00:00:00+00:00,2026-07-03T00:00:00+00:00,2026-07-04T00:00:00+00:00,True,False,11,11,2,3,13.31,8.87,159.7,106.5,0,0,0.85,Strong
2026-07-03,C1,C1-H2,ev_charge,EV charge,seed-20260703-C1-H2,reportable,sample_input,,gb_sample_profile,Generated synthetic carbon profile,user_entered_tariff,Generated synthetic tariff,2026-07-03T00:00:00+00:00,2026-07-03T00:00:00+00:00,2026-07-04T00:00:00+00:00,True,False,0,0,0,6,70.2,70.2,842.4,842.4,0,0,0.85,Strong
2026-07-03,C1,C1-H2,tumble_dryer,Tumble dryer,seed-20260703-C1-H2,reportable,sample_input,,gb_sample_profile,Generated synthetic carbon profile,user_entered_tariff,Generated synthetic tariff,2026-07-03T00:00:00+00:00,2026-07-03T00:00:00+00:00,2026-07-04T00:00:00+00:00,True,False,35,35,43,3,41.78,25.96,501.4,311.5,3,0,0.689,Mixed
2026-07-03,C2,C2-H1,dishwasher,Dishwasher,seed-20260703-C2-H1,reportable,sample_input,,gb_sample_profile,Generated synthetic carbon profile,user_entered_tariff,Generated synthetic tariff,2026-07-03T00:00:00+00:00,2026-07-03T00:00:00+00:00,2026-07-04T00:00:00+00:00,True,False,40,40,44,4,26.16,20.9,313.9,250.8,0,0,0.68,Mixed
2026-07-03,C2,C2-H1,washing_machine,Washing machine,seed-20260703-C2-H1,reportable,sample_input,,gb_sample_profile,Generated synthetic carbon profile,user_entered_tariff,Generated synthetic tariff,2026-07-03T00:00:00+00:00,2026-07-03T00:00:00+00:00,2026-07-04T00:00:00+00:00,True,False,11,11,7,3,10.52,9.49,126.2,113.8,0,0,0.85,Strong
2026-07-03,C2,C2-H1,ev_charge,EV charge,seed-20260703-C2-H1,reportable,sample_input,,gb_sample_profile,Generated synthetic carbon profile,user_entered_tariff,Generated synthetic tariff,2026-07-03T00:00:00+00:00,2026-07-03T00:00:00+00:00,2026-07-04T00:00:00+00:00,True,False,0,0,5,6,89.47,75.06,1073.6,900.7,0,0,0.85,Strong
2026-07-03,C2,C2-H1,tumble_dryer,Tumble dryer,seed-20260703-C2-H1,reportable,sample_input,,gb_sample_profile,Generated synthetic carbon profile,user_entered_tariff,Generated synthetic tariff,2026-07-03T00:00:00+00:00,2026-07-03T00:00:00+00:00,2026-07-04T00:00:00+00:00,True,False,35,35,43,3,61.82,38.14,741.8,457.7,3,0,0.689,Mixed
2026-07-03,C2,C2-H2,dishwasher,Dishwasher,seed-20260703-C2-H2,reportable,sample_input,,gb_sample_profile,Generated synthetic carbon profile,user_entered_tariff,Generated synthetic tariff,2026-07-03T00:00:00+00:00,2026-07-03T00:00:00+00:00,2026-07-04T00:00:00+00:00,True,False,40,40,44,4,18.75,14.51,225.0,174.1,0,0,0.68,Mixed
2026-07-03,C2,C2-H2,washing_machine,Washing machine,seed-20260703-C2-H2,reportable,sample_input,,gb_sample_profile,Generated synthetic carbon profile,user_entered_tariff,Generated synthetic tariff,2026-07-03T00:00:00+00:00,2026-07-03T00:00:00+00:00,2026-07-04T00:00:00+00:00,True,False,11,11,3,3,11.95,8.51,143.5,102.1,0,0,0.85,Strong
2026-07-03,C2,C2-H2,ev_charge,EV charge,seed-20260703-C2-H2,reportable,sample_input,,gb_sample_profile,Generated synthetic carbon profile,user_entered_tariff,Generated synthetic tariff,2026-07-03T00:00:00+00:00,2026-07-03T00:00:00+00:00,2026-07-04T00:00:00+00:00,True,False,0,0,2,6,68.24,67.34,818.9,808.1,0,0,0.85,Strong
2026-07-03,C2,C2-H2,tumble_dryer,Tumble dryer,seed-20260703-C2-H2,reportable,sample_input,,gb_sample_profile,Generated synthetic carbon profile,user_entered_tariff,Generated synthetic tariff,2026-07-03T00:00:00+00:00,2026-07-03T00:00:00+00:00,2026-07-04T00:00:00+00:00,True,False,35,35,43,3,45.87,26.57,550.4,318.8,3,0,0.689,Mixed
2026-07-04,C1,C1-H1,dishwasher,Dishwasher,seed-20260704-C1-H1,reportable,sample_input,,gb_sample_profile,Generated synthetic carbon profile,user_entered_tariff,Generated synthetic tariff,2026-07-04T00:00:00+00:00,2026-07-04T00:00:00+00:00,2026-07-05T00:00:00+00:00,True,False,40,40,44,4,21.86,17.24,262.3,206.8,0,0,0.68,Mixed
2026-07-04,C1,C1-H1,washing_machine,Washing machine,seed-20260704-C1-H1,reportable,sample_input,,gb_sample_profile,Generated synthetic carbon profile,user_entered_tariff,Generated synthetic tariff,2026-07-04T00:00:00+00:00,2026-07-04T00:00:00+00:00,2026-07-05T00:00:00+00:00,True,False,11,11,6,3,9.73,8.34,116.8,100.0,0,0,0.85,Strong
2026-07-04,C1,C1-H1,ev_charge,EV charge,seed-20260704-C1-H1,reportable,sample_input,,gb_sample_profile,Generated synthetic carbon profile,user_entered_tariff,Generated synthetic tariff,2026-07-04T00:00:00+00:00,2026-07-04T00:00:00+00:00,2026-07-05T00:00:00+00:00,True,False,0,0,5,6,74.53,65.97,894.4,791.6,0,0,0.85,Strong
2026-07-04,C1,C1-H1,tumble_dryer,Tumble dryer,seed-20260704-C1-H1,reportable,sample_input,,gb_sample_profile,Generated synthetic carbon profile,user_entered_tariff,Generated synthetic tariff,2026-07-04T00:00:00+00:00,2026-07-04T00:00:00+00:00,2026-07-05T00:00:00+00:00,True,False,35,35,43,3,57.15,31.57,685.8,378.8,3,0,0.689,Mixed
2026-07-04,C1,C1-H2,dishwasher,Dishwasher,seed-20260704-C1-H2,reportable,sample_input,,gb_sample_profile,Generated synthetic carbon profile,user_entered_tariff,Generated synthetic tariff,2026-07-04T00:00:00+00:00,2026-07-04T00:00:00+00:00,2026-07-05T00:00:00+00:00,True,False,40,40,44,4,23.47,17.74,281.7,212.9,0,0,0.68,Mixed
2026-07-04,C1,C1-H2,washing_machine,Washing machine,seed-20260704-C1-H2,reportable,sample_input,,gb_sample_profile,Generated synthetic carbon profile,user_entered_tariff,Generated synthetic tariff,2026-07-04T00:00:00+00:00,2026-07-04T00:00:00+00:00,2026-07-05T00:00:00+00:00,True,False,11,11,8,3,8.04,7.58,96.5,90.9,0,0,0.85,Strong
2026-07-04,C1,C1-H2,ev_charge,EV charge,seed-20260704-C1-H2,reportable,sample_input,,gb_sample_profile,Generated synthetic carbon profile,user_entered_tariff,Generated synthetic tariff,2026-07-04T00:00:00+00:00,2026-07-04T00:00:00+00:00,2026-07-05T00:00:00+00:00,True,False,0,0,7,6,75.78,59.95,909.3,719.3,0,0,0.85,Strong
2026-07-04,C1,C1-H2,tumble_dryer,Tumble dryer,seed-20260704-C1-H2,reportable,sample_input,,gb_sample_profile,Generated synthetic carbon profile,user_entered_tariff,Generated synthetic tariff,2026-07-04T00:00:00+00:00,2026-07-04T00:00:00+00:00,2026-07-05T00:00:00+00:00,True,False,35,35,43,3,46.6,32.24,559.2,386.9,3,0,0.689,Mixed
2026-07-04,C2,C2-H1,dishwasher,Dishwasher,seed-20260704-C2-H1,reportable,sample_input,,gb_sample_profile,Generated synthetic carbon profile,user_entered_tariff,Generated synthetic tariff,2026-07-04T00:00:00+00:00,2026-07-04T00:00:00+00:00,2026-07-05T00:00:00+00:00,True,False,40,40,44,4,16.07,12.48,192.9,149.7,0,0,0.68,Mixed
2026-07-04,C2,C2-H1,washing_machine,Washing machine,seed-20260704-C2-H1,reportable,sample_input,,gb_sample_profile,Generated synthetic carbon profile,user_entered_tariff,Generated synthetic tariff,2026-07-04T00:00:00+00:00,2026-07-04T00:00:00+00:00,2026-07-05T00:00:00+00:00,True,False,11,11,2,3,11.66,7.77,139.9,93.3,0,0,0.85,Strong
2026-07-04,C2,C2-H1,ev_charge,EV charge,seed-20260704-C2-H1,reportable,sample_input,,gb_sample_profile,Generated synthetic carbon profile,user_entered_tariff,Generated synthetic tariff,2026-07-04T00:00:00+00:00,2026-07-04T00:00:00+00:00,2026-07-05T00:00:00+00:00,True,False,0,0,1,6,61.51,61.51,738.1,738.1,0,0,0.85,Strong
2026-07-04,C2,C2-H1,tumble_dryer,Tumble dryer,seed-20260704-C2-H1,reportable,sample_input,,gb_sample_profile,Generated synthetic carbon profile,user_entered_tariff,Generated synthetic tariff,2026-07-04T00:00:00+00:00,2026-07-04T00:00:00+00:00,2026-07-05T00:00:00+00:00,True,False,35,35,43,3,36.61,22.74,439.3,272.9,3,0,0.689,Mixed
2026-07-04,C2,C2-H2,dishwasher,Dishwasher,seed-20260704-C2-H2,reportable,sample_input,,gb_sample_profile,Generated synthetic carbon profile,user_entered_tariff,Generated synthetic tariff,2026-07-04T00:00:00+00:00,2026-07-04T00:00:00+00:00,2026-07-05T00:00:00+00:00,True,False,40,40,44,4,20.98,16.23,251.7,194.7,0,0,0.68,Mixed
2026-07-04,C2,C2-H2,washing_machine,Washing machine,seed-20260704-C2-H2,reportable,sample_input,,gb_sample_profile,Generated synthetic carbon profile,user_entered_tariff,Generated synthetic tariff,2026-07-04T00:00:00+00:00,2026-07-04T00:00:00+00:00,2026-07-05T00:00:00+00:00,True,False,11,11,3,3,13.37,9.52,160.5,114.3,0,0,0.85,Strong
2026-07-04,C2,C2-H2,ev_charge,EV charge,seed-20260704-C2-H2,reportable,sample_input,,gb_sample_profile,Generated synthetic carbon profile,user_entered_tariff,Generated synthetic tariff,2026-07-04T00:00:00+00:00,2026-07-04T00:00:00+00:00,2026-07-05T00:00:00+00:00,True,False,0,0,2,6,76.34,75.34,916.1,904.1,0,0,0.85,Strong
2026-07-04,C2,C2-H2,tumble_dryer,Tumble dryer,seed-20260704-C2-H2,reportable,sample_input,,gb_sample_profile,Generated synthetic carbon profile,user_entered_tariff,Generated synthetic tariff,2026-07-04T00:00:00+00:00,2026-07-04T00:00:00+00:00,2026-07-05T00:00:00+00:00,True,False,35,35,43,3,51.31,29.72,615.8,356.7,3,0,0.689,Mixed
2026-07-05,C1,C1-H1,dishwasher,Dishwasher,seed-20260705-C1-H1,reportable,sample_input,,gb_sample_profile,Generated synthetic carbon profile,user_entered_tariff,Generated synthetic tariff,2026-07-05T00:00:00+00:00,2026-07-05T00:00:00+00:00,2026-07-06T00:00:00+00:00,True,False,40,40,44,4,26.58,20.09,319.0,241.1,0,0,0.68,Mixed
2026-07-05,C1,C1-H1,washing_machine,Washing machine,seed-20260705-C1-H1,reportable,sample_input,,gb_sample_profile,Generated synthetic carbon profile,user_entered_tariff,Generated synthetic tariff,2026-07-05T00:00:00+00:00,2026-07-05T00:00:00+00:00,2026-07-06T00:00:00+00:00,True,False,11,11,8,3,9.11,8.58,109.3,102.9,0,0,0.85,Strong
2026-07-05,C1,C1-H1,ev_charge,EV charge,seed-20260705-C1-H1,reportable,sample_input,,gb_sample_profile,Generated synthetic carbon profile,user_entered_tariff,Generated synthetic tariff,2026-07-05T00:00:00+00:00,2026-07-05T00:00:00+00:00,2026-07-06T00:00:00+00:00,True,False,0,0,6,6,85.81,67.88,1029.8,814.6,0,0,0.85,Strong
2026-07-05,C1,C1-H1,tumble_dryer,Tumble dryer,seed-20260705-C1-H1,reportable,sample_input,,gb_sample_profile,Generated synthetic carbon profile,user_entered_tariff,Generated synthetic tariff,2026-07-05T00:00:00+00:00,2026-07-05T00:00:00+00:00,2026-07-06T00:00:00+00:00,True,False,35,35,43,3,52.77,36.51,633.3,438.1,3,0,0.689,Mixed
2026-07-05,C1,C1-H2,dishwasher,Dishwasher,seed-20260705-C1-H2,reportable,sample_input,,gb_sample_profile,Generated synthetic carbon profile,user_entered_tariff,Generated synthetic tariff,2026-07-05T00:00:00+00:00,2026-07-05T00:00:00+00:00,2026-07-06T00:00:00+00:00,True,False,40,40,44,4,17.92,13.86,215.0,166.3,0,0,0.68,Mixed
2026-07-05,C1,C1-H2,washing_machine,Washing machine,seed-20260705-C1-H2,reportable,sample_input,,gb_sample_profile,Generated synthetic carbon profile,user_entered_tariff,Generated synthetic tariff,2026-07-05T00:00:00+00:00,2026-07-05T00:00:00+00:00,2026-07-06T00:00:00+00:00,True,False,11,11,3,3,11.42,8.13,137.1,97.6,0,0,0.85,Strong
2026-07-05,C1,C1-H2,ev_charge,EV charge,seed-20260705-C1-H2,reportable,sample_input,,gb_sample_profile,Generated synthetic carbon profile,user_entered_tariff,Generated synthetic tariff,2026-07-05T00:00:00+00:00,2026-07-05T00:00:00+00:00,2026-07-06T00:00:00+00:00,True,False,0,0,1,6,65.21,64.35,782.5,772.2,0,0,0.85,Strong
2026-07-05,C1,C1-H2,tumble_dryer,Tumble dryer,seed-20260705-C1-H2,reportable,sample_input,,gb_sample_profile,Generated synthetic carbon profile,user_entered_tariff,Generated synthetic tariff,2026-07-05T00:00:00+00:00,2026-07-05T00:00:00+00:00,2026-07-06T00:00:00+00:00,True,False,35,35,43,3,43.83,25.39,526.0,304.7,3,0,0.689,Mixed
2026-07-05,C2,C2-H1,dishwasher,Dishwasher,seed-20260705-C2-H1,reportable,sample_input,,gb_sample_profile,Generated synthetic carbon profile,user_entered_tariff,Generated synthetic tariff,2026-07-05T00:00:00+00:00,2026-07-05T00:00:00+00:00,2026-07-06T00:00:00+00:00,True,False,40,40,44,4,19.26,14.9,231.1,178.8,0,0,0.68,Mixed
2026-07-05,C2,C2-H1,washing_machine,Washing machine,seed-20260705-C2-H1,reportable,sample_input,,gb_sample_profile,Generated synthetic carbon profile,user_entered_tariff,Generated synthetic tariff,2026-07-05T00:00:00+00:00,2026-07-05T00:00:00+00:00,2026-07-06T00:00:00+00:00,True,False,11,11,3,3,12.28,8.74,147.4,104.9,0,0,0.85,Strong
2026-07-05,C2,C2-H1,ev_charge,EV charge,seed-20260705-C2-H1,reportable,sample_input,,gb_sample_profile,Generated synthetic carbon profile,user_entered_tariff,Generated synthetic tariff,2026-07-05T00:00:00+00:00,2026-07-05T00:00:00+00:00,2026-07-06T00:00:00+00:00,True,False,0,0,2,6,70.1,69.17,841.2,830.1,0,0,0.85,Strong
2026-07-05,C2,C2-H1,tumble_dryer,Tumble dryer,seed-20260705-C2-H1,reportable,sample_input,,gb_sample_profile,Generated synthetic carbon profile,user_entered_tariff,Generated synthetic tariff,2026-07-05T00:00:00+00:00,2026-07-05T00:00:00+00:00,2026-07-06T00:00:00+00:00,True,False,35,35,43,3,47.11,27.29,565.4,327.5,3,0,0.689,Mixed
2026-07-05,C2,C2-H2,dishwasher,Dishwasher,seed-20260705-C2-H2,reportable,sample_input,,gb_sample_profile,Generated synthetic carbon profile,user_entered_tariff,Generated synthetic tariff,2026-07-05T00:00:00+00:00,2026-07-05T00:00:00+00:00,2026-07-06T00:00:00+00:00,True,False,40,40,44,4,25.13,18.99,301.5,227.9,0,0,0.68,Mixed
2026-07-05,C2,C2-H2,washing_machine,Washing machine,seed-20260705-C2-H2,reportable,sample_input,,gb_sample_profile,Generated synthetic carbon profile,user_entered_tariff,Generated synthetic tariff,2026-07-05T00:00:00+00:00,2026-07-05T00:00:00+00:00,2026-07-06T00:00:00+00:00,True,False,11,11,8,3,8.61,8.11,103.3,97.3,0,0,0.85,Strong
2026-07-05,C2,C2-H2,ev_charge,EV charge,seed-20260705-C2-H2,reportable,sample_input,,gb_sample_profile,Generated synthetic carbon profile,user_entered_tariff,Generated synthetic tariff,2026-07-05T00:00:00+00:00,2026-07-05T00:00:00+00:00,2026-07-06T00:00:00+00:00,True,False,0,0,6,6,81.11,64.16,973.3,769.9,0,0,0.85,Strong
2026-07-05,C2,C2-H2,tumble_dryer,Tumble dryer,seed-20260705-C2-H2,reportable,sample_input,,gb_sample_profile,Generated synthetic carbon profile,user_entered_tariff,Generated synthetic tariff,2026-07-05T00:00:00+00:00,2026-07-05T00:00:00+00:00,2026-07-06T00:00:00+00:00,True,False,35,35,43,3,49.88,34.51,598.5,414.1,3,0,0.689,Mixed
2026-07-06,C1,C1-H1,dishwasher,Dishwasher,seed-20260706-C1-H1,reportable,sample_input,,gb_sample_profile,Generated synthetic carbon profile,user_entered_tariff,Generated synthetic tariff,2026-07-06T00:00:00+00:00,2026-07-06T00:00:00+00:00,2026-07-07T00:00:00+00:00,True,False,40,40,44,4,29.29,22.14,351.5,265.7,0,0,0.68,Mixed
2026-07-06,C1,C1-H1,washing_machine,Washing machine,seed-20260706-C1-H1,reportable,sample_input,,gb_sample_profile,Generated synthetic carbon profile,user_entered_tariff,Generated synthetic tariff,2026-07-06T00:00:00+00:00,2026-07-06T00:00:00+00:00,2026-07-07T00:00:00+00:00,True,False,11,11,8,3,10.04,9.45,120.4,113.4,0,0,0.85,Strong
2026-07-06,C1,C1-H1,ev_charge,EV charge,seed-20260706-C1-H1,reportable,sample_input,,gb_sample_profile,Generated synthetic carbon profile,user_entered_tariff,Generated synthetic tariff,2026-07-06T00:00:00+00:00,2026-07-06T00:00:00+00:00,2026-07-07T00:00:00+00:00,True,False,0,0,6,6,94.54,74.79,1134.5,897.5,0,0,0.85,Strong
2026-07-06,C1,C1-H1,tumble_dryer,Tumble dryer,seed-20260706-C1-H1,reportable,sample_input,,gb_sample_profile,Generated synthetic carbon profile,user_entered_tariff,Generated synthetic tariff,2026-07-06T00:00:00+00:00,2026-07-06T00:00:00+00:00,2026-07-07T00:00:00+00:00,True,False,35,35,43,3,58.14,40.22,697.7,482.7,3,0,0.689,Mixed
2026-07-06,C1,C1-H2,dishwasher,Dishwasher,seed-20260706-C1-H2,reportable,sample_input,,gb_sample_profile,Generated synthetic carbon profile,user_entered_tariff,Generated synthetic tariff,2026-07-06T00:00:00+00:00,2026-07-06T00:00:00+00:00,2026-07-07T00:00:00+00:00,True,False,40,40,44,4,21.69,16.93,260.3,203.1,0,0,0.68,Mixed
2026-07-06,C1,C1-H2,washing_machine,Washing machine,seed-20260706-C1-H2,reportable,sample_input,,gb_sample_profile,Generated synthetic carbon profile,user_entered_tariff,Generated synthetic tariff,2026-07-06T00:00:00+00:00,2026-07-06T00:00:00+00:00,2026-07-07T00:00:00+00:00,True,False,11,11,5,3,10.81,8.74,129.7,104.8,0,0,0.85,Strong
2026-07-06,C1,C1-H2,ev_charge,EV charge,seed-20260706-C1-H2,reportable,sample_input,,gb_sample_profile,Generated synthetic carbon profile,user_entered_tariff,Generated synthetic tariff,2026-07-06T00:00:00+00:00,2026-07-06T00:00:00+00:00,2026-07-07T00:00:00+00:00,True,False,0,0,4,6,74.57,69.12,894.8,829.4,0,0,0.85,Strong
2026-07-06,C1,C1-H2,tumble_dryer,Tumble dryer,seed-20260706-C1-H2,reportable,sample_input,,gb_sample_profile,Generated synthetic carbon profile,user_entered_tariff,Generated synthetic tariff,2026-07-06T00:00:00+00:00,2026-07-06T00:00:00+00:00,2026-07-07T00:00:00+00:00,True,False,35,35,43,3,58.53,31.06,702.3,372.7,3,0,0.689,Mixed
2026-07-06,C2,C2-H1,dishwasher,Dishwasher,seed-20260706-C2-H1,reportable,sample_input,,gb_sample_profile,Generated synthetic carbon profile,user_entered_tariff,Generated synthetic tariff,2026-07-06T00:00:00+00:00,2026-07-06T00:00:00+00:00,2026-07-07T00:00:00+00:00,True,False,40,40,44,4,25.62,20.47,307.4,245.6,0,0,0.68,Mixed
2026-07-06,C2,C2-H1,washing_machine,Washing machine,seed-20260706-C2-H1,reportable,sample_input,,gb_sample_profile,Generated synthetic carbon profile,user_entered_tariff,Generated synthetic tariff,2026-07-06T00:00:00+00:00,2026-07-06T00:00:00+00:00,2026-07-07T00:00:00+00:00,True,False,11,11,7,3,10.3,9.29,123.6,111.5,0,0,0.85,Strong
2026-07-06,C2,C2-H1,ev_charge,EV charge,seed-20260706-C2-H1,reportable,sample_input,,gb_sample_profile,Generated synthetic carbon profile,user_entered_tariff,Generated synthetic tariff,2026-07-06T00:00:00+00:00,2026-07-06T00:00:00+00:00,2026-07-07T00:00:00+00:00,True,False,0,0,5,6,87.61,73.5,1051.3,882.1,0,0,0.85,Strong
2026-07-06,C2,C2-H1,tumble_dryer,Tumble dryer,seed-20260706-C2-H1,reportable,sample_input,,gb_sample_profile,Generated synthetic carbon profile,user_entered_tariff,Generated synthetic tariff,2026-07-06T00:00:00+00:00,2026-07-06T00:00:00+00:00,2026-07-07T00:00:00+00:00,True,False,35,35,43,3,60.54,37.35,726.4,448.2,3,0,0.689,Mixed
2026-07-06,C2,C2-H2,dishwasher,Dishwasher,seed-20260706-C2-H2,reportable,sample_input,,gb_sample_profile,Generated synthetic carbon profile,user_entered_tariff,Generated synthetic tariff,2026-07-06T00:00:00+00:00,2026-07-06T00:00:00+00:00,2026-07-07T00:00:00+00:00,True,False,40,40,44,4,18.16,14.08,217.9,169.0,0,0,0.68,Mixed
2026-07-06,C2,C2-H2,washing_machine,Washing machine,seed-20260706-C2-H2,reportable,sample_input,,gb_sample_profile,Generated synthetic carbon profile,user_entered_tariff,Generated synthetic tariff,2026-07-06T00:00:00+00:00,2026-07-06T00:00:00+00:00,2026-07-07T00:00:00+00:00,True,False,11,11,4,3,10.21,7.75,122.5,93.0,0,0,0.85,Strong
2026-07-06,C2,C2-H2,ev_charge,EV charge,seed-20260706-C2-H2,reportable,sample_input,,gb_sample_profile,Generated synthetic carbon profile,user_entered_tariff,Generated synthetic tariff,2026-07-06T00:00:00+00:00,2026-07-06T00:00:00+00:00,2026-07-07T00:00:00+00:00,True,False,0,0,3,6,63.79,61.35,765.5,736.3,0,0,0.85,Strong
2026-07-06,C2,C2-H2,tumble_dryer,Tumble dryer,seed-20260706-C2-H2,reportable,sample_input,,gb_sample_profile,Generated synthetic carbon profile,user_entered_tariff,Generated synthetic tariff,2026-07-06T00:00:00+00:00,2026-07-06T00:00:00+00:00,2026-07-07T00:00:00+00:00,True,False,35,35,43,3,46.94,25.84,563.3,310.1,3,0,0.689,Mixed
2026-07-07,C1,C1-H1,dishwasher,Dishwasher,seed-20260707-C1-H1,reportable,sample_input,,gb_sample_profile,Generated synthetic carbon profile,user_entered_tariff,Generated synthetic tariff,2026-07-07T00:00:00+00:00,2026-07-07T00:00:00+00:00,2026-07-08T00:00:00+00:00,True,False,40,40,44,4,20.89,16.16,250.7,193.9,0,0,0.68,Mixed
2026-07-07,C1,C1-H1,washing_machine,Washing machine,seed-20260707-C1-H1,reportable,sample_input,,gb_sample_profile,Generated synthetic carbon profile,user_entered_tariff,Generated synthetic tariff,2026-07-07T00:00:00+00:00,2026-07-07T00:00:00+00:00,2026-07-08T00:00:00+00:00,True,False,11,11,3,3,13.32,9.48,159.8,113.8,0,0,0.85,Strong
2026-07-07,C1,C1-H1,ev_charge,EV charge,seed-20260707-C1-H1,reportable,sample_input,,gb_sample_profile,Generated synthetic carbon profile,user_entered_tariff,Generated synthetic tariff,2026-07-07T00:00:00+00:00,2026-07-07T00:00:00+00:00,2026-07-08T00:00:00+00:00,True,False,0,0,2,6,76.03,75.02,912.3,900.3,0,0,0.85,Strong
2026-07-07,C1,C1-H1,tumble_dryer,Tumble dryer,seed-20260707-C1-H1,reportable,sample_input,,gb_sample_profile,Generated synthetic carbon profile,user_entered_tariff,Generated synthetic tariff,2026-07-07T00:00:00+00:00,2026-07-07T00:00:00+00:00,2026-07-08T00:00:00+00:00,True,False,35,35,43,3,51.1,29.6,613.2,355.2,3,0,0.689,Mixed
2026-07-07,C1,C1-H2,dishwasher,Dishwasher,seed-20260707-C1-H2,reportable,sample_input,,gb_sample_profile,Generated synthetic carbon profile,user_entered_tariff,Generated synthetic tariff,2026-07-07T00:00:00+00:00,2026-07-07T00:00:00+00:00,2026-07-08T00:00:00+00:00,True,False,40,40,44,4,19.09,14.8,229.1,177.6,0,0,0.68,Mixed
2026-07-07,C1,C1-H2,washing_machine,Washing machine,seed-20260707-C1-H2,reportable,sample_input,,gb_sample_profile,Generated synthetic carbon profile,user_entered_tariff,Generated synthetic tariff,2026-07-07T00:00:00+00:00,2026-07-07T00:00:00+00:00,2026-07-08T00:00:00+00:00,True,False,11,11,4,3,10.73,8.15,128.8,97.8,0,0,0.85,Strong
2026-07-07,C1,C1-H2,ev_charge,EV charge,seed-20260707-C1-H2,reportable,sample_input,,gb_sample_profile,Generated synthetic carbon profile,user_entered_tariff,Generated synthetic tariff,2026-07-07T00:00:00+00:00,2026-07-07T00:00:00+00:00,2026-07-08T00:00:00+00:00,True,False,0,0,2,6,67.05,64.49,804.6,773.9,0,0,0.85,Strong
2026-07-07,C1,C1-H2,tumble_dryer,Tumble dryer,seed-20260707-C1-H2,reportable,sample_input,,gb_sample_profile,Generated synthetic carbon profile,user_entered_tariff,Generated synthetic tariff,2026-07-07T00:00:00+00:00,2026-07-07T00:00:00+00:00,2026-07-08T00:00:00+00:00,True,False,35,35,43,3,49.34,27.16,592.1,326.0,3,0,0.689,Mixed
2026-07-07,C2,C2-H1,dishwasher,Dishwasher,seed-20260707-C2-H1,reportable,sample_input,,gb_sample_profile,Generated synthetic carbon profile,user_entered_tariff,Generated synthetic tariff,2026-07-07T00:00:00+00:00,2026-07-07T00:00:00+00:00,2026-07-08T00:00:00+00:00,True,False,40,40,44,4,16.47,12.74,197.6,152.9,0,0,0.68,Mixed
2026-07-07,C2,C2-H1,washing_machine,Washing machine,seed-20260707-C2-H1,reportable,sample_input,,gb_sample_profile,Generated synthetic carbon profile,user_entered_tariff,Generated synthetic tariff,2026-07-07T00:00:00+00:00,2026-07-07T00:00:00+00:00,2026-07-08T00:00:00+00:00,True,False,11,11,3,3,10.5,7.48,126.0,89.7,0,0,0.85,Strong
2026-07-07,C2,C2-H1,ev_charge,EV charge,seed-20260707-C2-H1,reportable,sample_input,,gb_sample_profile,Generated synthetic carbon profile,user_entered_tariff,Generated synthetic tariff,2026-07-07T00:00:00+00:00,2026-07-07T00:00:00+00:00,2026-07-08T00:00:00+00:00,True,False,0,0,1,6,59.94,59.15,719.3,709.8,0,0,0.85,Strong
2026-07-07,C2,C2-H1,tumble_dryer,Tumble dryer,seed-20260707-C2-H1,reportable,sample_input,,gb_sample_profile,Generated synthetic carbon profile,user_entered_tariff,Generated synthetic tariff,2026-07-07T00:00:00+00:00,2026-07-07T00:00:00+00:00,2026-07-08T00:00:00+00:00,True,False,35,35,43,3,40.29,23.34,483.5,280.0,3,0,0.689,Mixed
2026-07-07,C2,C2-H2,dishwasher,Dishwasher,seed-20260707-C2-H2,reportable,sample_input,,gb_sample_profile,Generated synthetic carbon profile,user_entered_tariff,Generated synthetic tariff,2026-07-07T00:00:00+00:00,2026-07-07T00:00:00+00:00,2026-07-08T00:00:00+00:00,True,False,40,40,44,4,21.03,16.58,252.3,199.0,0,0,0.68,Mixed
2026-07-07,C2,C2-H2,washing_machine,Washing machine,seed-20260707-C2-H2,reportable,sample_input,,gb_sample_profile,Generated synthetic carbon profile,user_entered_tariff,Generated synthetic tariff,2026-07-07T00:00:00+00:00,2026-07-07T00:00:00+00:00,2026-07-08T00:00:00+00:00,True,False,11,11,6,3,9.36,8.02,112.4,96.2,0,0,0.85,Strong
2026-07-07,C2,C2-H2,ev_charge,EV charge,seed-20260707-C2-H2,reportable,sample_input,,gb_sample_profile,Generated synthetic carbon profile,user_entered_tariff,Generated synthetic tariff,2026-07-07T00:00:00+00:00,2026-07-07T00:00:00+00:00,2026-07-08T00:00:00+00:00,True,False,0,0,4,6,71.71,63.47,860.5,761.6,0,0,0.85,Strong
2026-07-07,C2,C2-H2,tumble_dryer,Tumble dryer,seed-20260707-C2-H2,reportable,sample_input,,gb_sample_profile,Generated synthetic carbon profile,user_entered_tariff,Generated synthetic tariff,2026-07-07T00:00:00+00:00,2026-07-07T00:00:00+00:00,2026-07-08T00:00:00+00:00,True,False,35,35,43,3,54.98,30.37,659.8,364.4,3,0,0.689,Mixed
2026-07-04,C1,C1-HF,fixture-dishwasher,Fixture dishwasher,fixture-run-001,reportable,sample_input,,gb_sample_profile,Reporting-contract sample carbon profile,user_entered_tariff,Reporting-contract sample tariff,2026-07-03T12:00:00+00:00,2026-07-04T00:00:00+00:00,2026-07-05T00:00:00+00:00,True,False,34,34,0,2,40.0,20.0,600.0,200.0,2,0,0.85,High
2026-07-04,C1,C1-HN,fixture-missing-source,Unavailable fixture load,fixture-run-missing,not_reportable,sample_input,,,,,,,,,False,False,,,,,,,,,,,0.0,Fragile
2026-07-04,C1,C1-HP,fixture-missing-preferred,Missing preferred fixture load,fixture-run-missing-preferred,reportable,sample_input,,gb_sample_profile,Reporting-contract sample carbon profile,user_entered_tariff,Reporting-contract sample tariff,2026-07-03T12:00:00+00:00,2026-07-04T00:00:00+00:00,2026-07-05T00:00:00+00:00,True,False,,34,0,2,40.0,20.0,600.0,200.0,2,0,0.85,High
2026-07-04,C1,C1-HC,fixture-clamped-preferred,Clamped preferred fixture load,fixture-run-clamped-preferred,reportable,sample_input,,gb_sample_profile,Reporting-contract sample carbon profile,user_entered_tariff,Reporting-contract sample tariff,2026-07-03T12:00:00+00:00,2026-07-04T00:00:00+00:00,2026-07-05T00:00:00+00:00,True,False,34,33,0,2,40.0,20.0,600.0,200.0,2,0,0.85,High
2026-07-04,C1,C1-HM,fixture-mixed-preferred-1,Mixed preferred fixture load,fixture-run-mixed-preferred,reportable,sample_input,,gb_sample_profile,Reporting-contract sample carbon profile,user_entered_tariff,Reporting-contract sample tariff,2026-07-03T12:00:00+00:00,2026-07-04T00:00:00+00:00,2026-07-05T00:00:00+00:00,True,False,34,34,0,2,40.0,20.0,600.0,200.0,2,0,0.85,High
2026-07-04,C1,C1-HM,fixture-mixed-preferred-2,Mixed preferred fixture load,fixture-run-mixed-preferred,reportable,sample_input,,gb_sample_profile,Reporting-contract sample carbon profile,user_entered_tariff,Reporting-contract sample tariff,2026-07-03T12:00:00+00:00,2026-07-04T00:00:00+00:00,2026-07-05T00:00:00+00:00,True,False,34,33,0,2,40.0,20.0,600.0,200.0,2,0,0.85,High
